277,http://img01.taobaocdn.com/bao/uploaded/i1/TB1AqNMFVXXXXXhaXXXXXXXXXXX_!!0-item_pic.jpg,7-Feb,,s1
185,http://img01.taobaocdn.com/bao/uploaded/i2/T1OfxpFA0aXXXXXXXX_!!0-item_pic.jpg,6-Jan,b1,s2
541,http://img01.taobaocdn.com/bao/uploaded/i1/TB1MTMTGXXXXXXkXXXXXXXXXXXX_!!0-item_pic.jpg,3-Feb,b2,s3
96,http://img01.taobaocdn.com/bao/uploaded/i3/TB1o6E8GpXXXXbTXFXXXXXXXXXX_!!0-item_pic.jpg,3-Feb,,s4
218,http://img01.taobaocdn.com/bao/uploaded/i4/T1b._zFPBaXXXXXXXX_!!0-item_pic.jpg,4-Jan,b3,s5
546,http://img01.taobaocdn.com/bao/uploaded/i4/TB1JVz8GpXXXXanXXXXXXXXXXXX_!!0-item_pic.jpg,9-Feb,b4,s6
545,http://img01.taobaocdn.com/bao/uploaded/i4/TB1kGDoFVXXXXc3XXXXXXXXXXXX_!!0-item_pic.jpg,7-Feb,,s7
552,http://img01.taobaocdn.com/bao/uploaded/i4/T1JxLaFzXXXXXXXXXX_!!0-item_pic.jpg,3-Feb,b5,s8
127,http://img01.taobaocdn.com/bao/uploaded/i2/TB1NkU3FFXXXXbJXVXXXXXXXXXX_!!0-item_pic.jpg,2-Feb,,s9
325,http://img01.taobaocdn.com/bao/uploaded/i2/TB1wlkJGXXXXXchXXXXXXXXXXXX_!!0-item_pic.jpg,2-Jan,b6,s10
178,http://img01.taobaocdn.com/bao/uploaded/i3/TB17InNGpXXXXaHXFXXXXXXXXXX_!!0-item_pic.jpg,4-Jan,b7,s11
136,http://img01.taobaocdn.com/bao/uploaded/i2/14289043313676297/T1lsi1FiFgXXXXXXXX_!!0-item_pic.jpg,4-Jan,b8,s12
93,http://img01.taobaocdn.com/bao/uploaded/i2/TB1HoSXGXXXXXcvXFXXXXXXXXXX_!!0-item_pic.jpg,5-Feb,b9,s13
221,http://img01.taobaocdn.com/bao/uploaded/i1/T1HVWeFy0iXXXXXXXX_!!0-item_pic.jpg,2-Feb,b10,s14
37,http://img01.taobaocdn.com/bao/uploaded/i4/TB1izZKGXXXXXarXpXXXXXXXXXX_!!0-item_pic.jpg,3-Feb,b11,s15
519,http://img01.taobaocdn.com/bao/uploaded/i4/TB1ndY_FVXXXXbKXXXXXXXXXXXX_!!0-item_pic.jpg,12-Feb,,s16
314,http://img01.taobaocdn.com/bao/uploaded/i2/TB1W7K8GXXXXXXBXpXXXXXXXXXX_!!0-item_pic.jpg,3-Feb,b12,s17
346,http://img01.taobaocdn.com/bao/uploaded/i3/TB145tTGFXXXXXCXXXXXXXXXXXX_!!0-item_pic.jpg,7-Jan,,s18
343,http://img01.taobaocdn.com/bao/uploaded/i2/TB1WWcgFVXXXXXuXpXXXXXXXXXX_!!0-item_pic.jpg,10-Feb,,s19
162,http://img01.taobaocdn.com/bao/uploaded/i1/TB1.HRzGXXXXXXAXFXXXXXXXXXX_!!0-item_pic.jpg,3-Feb,b13,s20
126,http://img01.taobaocdn.com/bao/uploaded/i4/T1Q8d0FktXXXXXXXXX_!!0-item_pic.jpg,7-Jan,b14,s21
405,http://img01.taobaocdn.com/bao/uploaded/i1/T1BV9VFeXdXXXXXXXX_!!0-item_pic.jpg,10-Feb,,s22
390,http://img01.taobaocdn.com/bao/uploaded/i2/T1l2PLFHNXXXXXXXXX_!!0-item_pic.jpg,2-Feb,,s23
280,http://img01.taobaocdn.com/bao/uploaded/i2/T1Cnt8FtFzXXXXXXXX_!!0-item_pic.jpg,3-Feb,,s24
456,http://img01.taobaocdn.com/bao/uploaded/i1/TB1pWHeFVXXXXbVXXXXXXXXXXXX_!!0-item_pic.jpg,14-Feb,,s25
475,http://img01.taobaocdn.com/bao/uploaded/i2/TB1a00EGXXXXXbYXFXXXXXXXXXX_!!0-item_pic.jpg,16-Jan,b15,s26
528,http://img01.taobaocdn.com/bao/uploaded/i3/TB1t8BWGpXXXXa6XpXXXXXXXXXX_!!0-item_pic.jpg,7-Jan,b16,s27
199,http://img01.taobaocdn.com/bao/uploaded/i3/TB1TT3RGXXXXXc1XpXXXXXXXXXX_!!0-item_pic.jpg,10-Feb,,s28
332,http://img01.taobaocdn.com/bao/uploaded/i2/TB1RLVqGFXXXXcIXpXXXXXXXXXX_!!0-item_pic.jpg,2-Feb,,s29
211,http://img01.taobaocdn.com/bao/uploaded/i2/TB16qAxGXXXXXcyXpXXXXXXXXXX_!!0-item_pic.jpg,4-Feb,b17,s30
316,http://img01.taobaocdn.com/bao/uploaded/i3/TB1H3EsGXXXXXaUXFXXXXXXXXXX_!!0-item_pic.jpg,4-Jan,b18,s31
150,http://img01.taobaocdn.com/bao/uploaded/i2/TB1wtk_FVXXXXXCXXXXXXXXXXXX_!!0-item_pic.jpg,3-Feb,b19,s32
231,http://img01.taobaocdn.com/bao/uploaded/i2/TB1DNlfGFXXXXXpXpXXXXXXXXXX_!!0-item_pic.jpg,7-Jan,b20,s33
25,http://img01.taobaocdn.com/bao/uploaded/i2/TB1Mc1fGpXXXXc0XVXXXXXXXXXX_!!0-item_pic.jpg,3-Feb,b21,s34
533,http://img01.taobaocdn.com/bao/uploaded/i1/T1MW1gFFJaXXXXXXXX_!!0-item_pic.jpg,3-Feb,,s35
443,http://img01.taobaocdn.com/bao/uploaded/i1/TB1.b1YFVXXXXXGXpXXXXXXXXXX_!!0-item_pic.jpg,7-Feb,b22,s36
223,http://img01.taobaocdn.com/bao/uploaded/i1/TB16kceGpXXXXbBXXXXXXXXXXXX_!!0-item_pic.jpg,3-Feb,b23,s37
319,http://img01.taobaocdn.com/bao/uploaded/i3/TB1jM2dFVXXXXaxXVXXXXXXXXXX_!!0-item_pic.jpg,7-Feb,b24,s29
202,http://img01.taobaocdn.com/bao/uploaded/i3/TB1XbjfFVXXXXclXVXXXXXXXXXX_!!0-item_pic.jpg,2-Feb,,s38
526,http://img01.taobaocdn.com/bao/uploaded/i4/T17dSiFxlcXXXXXXXX_!!0-item_pic.jpg,2-Feb,,s39
341,http://img01.taobaocdn.com/bao/uploaded/i2/T1eFoUFBNbXXXXXXXX_!!0-item_pic.jpg,4-Feb,,s40
203,http://img01.taobaocdn.com/bao/uploaded/i4/TB1ozNEGpXXXXcDXFXXXXXXXXXX_!!0-item_pic.jpg,9-Jan,b25,s41
73,http://img01.taobaocdn.com/bao/uploaded/i4/TB1k4ESFVXXXXcZXFXXXXXXXXXX_!!0-item_pic.jpg,17-Feb,,s42
471,http://img01.taobaocdn.com/bao/uploaded/i4/TB1gzhwGXXXXXbmXXXXXXXXXXXX_!!0-item_pic.jpg,9-Jan,b26,s43
349,http://img01.taobaocdn.com/bao/uploaded/i2/12867024482435985/T1tbSsXvXfXXXXXXXX_!!0-item_pic.jpg,7-Jan,b27,s44
525,http://img01.taobaocdn.com/bao/uploaded/i4/TB1s6mvGXXXXXayXFXXXXXXXXXX_!!0-item_pic.jpg,2-Jan,b28,s45
259,http://img01.taobaocdn.com/bao/uploaded/i4/T1KuSgFBBdXXXXXXXX_!!0-item_pic.jpg,4-Feb,,s46
433,http://img01.taobaocdn.com/bao/uploaded/i1/TB1g6LJGpXXXXaZXXXXXXXXXXXX_!!0-item_pic.jpg,7-Jan,b29,s47
200,http://img01.taobaocdn.com/bao/uploaded/i2/TB1wStEFVXXXXaoXXXXXXXXXXXX_!!0-item_pic.jpg,7-Jan,b9,s48
450,http://img01.taobaocdn.com/bao/uploaded/i4/T1buNXFQXXXXXXXXXX_!!0-item_pic.jpg,3-Feb,b30,s49
50,http://img01.taobaocdn.com/bao/uploaded/i2/TB1JIMUFFXXXXXVXpXXXXXXXXXX_!!0-item_pic.jpg,7-Feb,,s50
91,http://img01.taobaocdn.com/bao/uploaded/i2/TB1rCueGXXXXXa7aXXXXXXXXXXX_!!0-item_pic.jpg,7-Jan,b31,s51
24,http://img01.taobaocdn.com/bao/uploaded/i4/T18nF1FwhaXXXXXXXX_!!0-item_pic.jpg,4-Feb,b32,s52
290,http://img01.taobaocdn.com/bao/uploaded/i1/T1TXGnFMVbXXXXXXXX_!!0-item_pic.jpg,5-Feb,,s53
103,http://img01.taobaocdn.com/bao/uploaded/i1/10110021658141935/T1r0uaXvddXXXXXXXX_!!0-item_pic.jpg,3-Feb,,s54
423,http://img01.taobaocdn.com/bao/uploaded/i3/TB1nCZ8GpXXXXX2XVXXXXXXXXXX_!!0-item_pic.jpg,4-Jan,b33,s55
432,http://img01.taobaocdn.com/bao/uploaded/i2/TB1R7hWGXXXXXaLXVXXXXXXXXXX_!!0-item_pic.jpg,2-Feb,,s56
550,http://img01.taobaocdn.com/bao/uploaded/i1/TB1GzeJFVXXXXalaXXXXXXXXXXX_!!0-item_pic.jpg,12-Feb,b34,s57
181,http://img01.taobaocdn.com/bao/uploaded/i2/T1.4mjFX8eXXXXXXXX_!!0-item_pic.jpg,7-Feb,,s58
256,http://img01.taobaocdn.com/bao/uploaded/i2/TB1qTdBGpXXXXaLXXXXXXXXXXXX_!!0-item_pic.jpg,4-Jan,b35,s59
196,http://img01.taobaocdn.com/bao/uploaded/i1/TB1BQX4GXXXXXbiXXXXXXXXXXXX_!!0-item_pic.jpg,20-Feb,b36,s60
122,http://img01.taobaocdn.com/bao/uploaded/i3/TB1JyUqFVXXXXalXXXXXXXXXXXX_!!0-item_pic.jpg,3-Feb,b37,s61
225,http://img01.taobaocdn.com/bao/uploaded/i4/TB1E4JhGXXXXXaPXXXXXXXXXXXX_!!0-item_pic.jpg,4-Feb,,s62
477,http://img01.taobaocdn.com/bao/uploaded/i1/TB1Xi.CGXXXXXcyXpXXXXXXXXXX_!!0-item_pic.jpg,3-Feb,,s63
228,http://img01.taobaocdn.com/bao/uploaded/i3/TB1RMN_FVXXXXb0XFXXXXXXXXXX_!!0-item_pic.jpg,4-Feb,b38,s64
85,http://img01.taobaocdn.com/bao/uploaded/i3/TB1iEfDFFXXXXXOXXXXXXXXXXXX_!!0-item_pic.jpg,3-Feb,,s65
428,http://img01.taobaocdn.com/bao/uploaded/i4/TB1zoy3GXXXXXcdXFXXXXXXXXXX_!!0-item_pic.jpg,4-Jan,b39,s66
348,http://img01.taobaocdn.com/bao/uploaded/i2/TB10yiHGpXXXXaPXFXXXXXXXXXX_!!0-item_pic.jpg,9-Jan,b40,s67
217,http://img01.taobaocdn.com/bao/uploaded/i4/TB1E5xfFVXXXXaMXXXXXXXXXXXX_!!0-item_pic.jpg,9-Feb,b41,s68
312,http://img01.taobaocdn.com/bao/uploaded/i3/T14u8YFE8cXXXXXXXX_!!0-item_pic.jpg,4-Feb,b42,s69
171,http://img01.taobaocdn.com/bao/uploaded/i1/T1KlLKFBlaXXXXXXXX_!!0-item_pic.jpg,5-Feb,,s70
99,http://img01.taobaocdn.com/bao/uploaded/i2/TB1gf_TFFXXXXbMapXXXXXXXXXX_!!0-item_pic.jpg,7-Jan,b43,s71
532,http://img01.taobaocdn.com/bao/uploaded/i2/TB1FoBIGXXXXXasXXXXXXXXXXXX_!!0-item_pic.jpg,3-Feb,,s72
506,http://img01.taobaocdn.com/bao/uploaded/i1/T1M9ZEFp4dXXXXXXXX_!!0-item_pic.jpg,12-Feb,,s73
441,http://img01.taobaocdn.com/bao/uploaded/i3/TB17qiBFVXXXXbdXVXXXXXXXXXX_!!0-item_pic.jpg,4-Feb,b44,s74
313,http://img01.taobaocdn.com/bao/uploaded/i2/TB1HVJxGFXXXXaTXXXXXXXXXXXX_!!0-item_pic.jpg,3-Feb,b45,s75
424,http://img01.taobaocdn.com/bao/uploaded/i4/TB1HxK2FVXXXXaEXXXXXXXXXXXX_!!0-item_pic.jpg,15-Feb,b46,s76
210,http://img01.taobaocdn.com/bao/uploaded/i3/TB1UjTgFVXXXXcTXFXXXXXXXXXX_!!0-item_pic.jpg,15-Feb,b47,s77
459,http://img01.taobaocdn.com/bao/uploaded/i3/T1xyPFFIFXXXXXXXXX_!!0-item_pic.jpg,19-Feb,b48,s78
289,http://img01.taobaocdn.com/bao/uploaded/i1/T1d_xHFAd3XXXXXXXX_!!0-item_pic.jpg,7-Feb,b49,s79
248,http://img01.taobaocdn.com/bao/uploaded/i2/T1gcDhFq0cXXXXXXXX_!!0-item_pic.jpg,2-Jan,b50,s80
246,http://img01.taobaocdn.com/bao/uploaded/i3/T16md8Fv0XXXXXXXXX_!!0-item_pic.jpg,19-Feb,,s81
254,http://img01.taobaocdn.com/bao/uploaded/i2/TB1flnSGXXXXXbzXpXXXXXXXXXX_!!0-item_pic.jpg,9-Jan,b51,s82
149,http://img01.taobaocdn.com/bao/uploaded/i4/T1b2pKFsdIXXXXXXXX_!!0-item_pic.jpg,9-Jan,b52,s83
148,http://img01.taobaocdn.com/bao/uploaded/i1/TB12uJQFVXXXXcDXVXXXXXXXXXX_!!0-item_pic.jpg,14-Feb,,s84
350,http://img01.taobaocdn.com/bao/uploaded/i1/T1mjmdFAFiXXXXXXXX_!!0-item_pic.jpg,2-Jan,b53,s85
206,http://img01.taobaocdn.com/bao/uploaded/i1/TB1FyJoGFXXXXbOXpXXXXXXXXXX_!!0-item_pic.jpg,3-Feb,,s86
435,http://img01.taobaocdn.com/bao/uploaded/i2/TB1_MTcFVXXXXcAXVXXXXXXXXXX_!!0-item_pic.jpg,5-Feb,,s87
1,http://img01.taobaocdn.com/bao/uploaded/i1/TB1y.iDGXXXXXcuXFXXXXXXXXXX_!!0-item_pic.jpg,1-Jan,b54,s88
543,http://img01.taobaocdn.com/bao/uploaded/i3/T1Cs0ZFX0aXXXXXXXX_!!0-item_pic.jpg,7-Feb,,s89
481,http://img01.taobaocdn.com/bao/uploaded/i1/TB15BcqFVXXXXXrXXXXXXXXXXXX_!!0-item_pic.jpg,3-Feb,,s90
5,http://img01.taobaocdn.com/bao/uploaded/i4/TB1SqEdGXXXXXXlXFXXXXXXXXXX_!!0-item_pic.jpg,4-Feb,,s91
464,http://img01.taobaocdn.com/bao/uploaded/i4/TB1F38hGXXXXXXHXXXXXXXXXXXX_!!0-item_pic.jpg,2-Feb,b36,s60
18,http://img01.taobaocdn.com/bao/uploaded/i4/TB1QJWPFVXXXXckXVXXXXXXXXXX_!!0-item_pic.jpg,4-Feb,b55,s92
14,http://img01.taobaocdn.com/bao/uploaded/i2/T1kOSzFy0aXXXXXXXX_!!0-item_pic.jpg,8-Feb,b56,s93
457,http://img01.taobaocdn.com/bao/uploaded/i2/T1SofzFH0aXXXXXXXX_!!0-item_pic.jpg,21-Jan,b57,s94
389,http://img01.taobaocdn.com/bao/uploaded/i3/T1VFO1FfJeXXXXXXXX_!!0-item_pic.jpg,7-Feb,,s95
476,http://img01.taobaocdn.com/bao/uploaded/i3/T1D2hhFFleXXXXXXXX_!!0-item_pic.jpg,2-Feb,b58,s96
414,http://img01.taobaocdn.com/bao/uploaded/i4/TB1nQJQFVXXXXaVXFXXXXXXXXXX_!!0-item_pic.jpg,10-Feb,,s97
47,http://img01.taobaocdn.com/bao/uploaded/i2/T1Lw06Fy8lXXXXXXXX_!!2-item_pic.png,7-Feb,,s98
224,http://img01.taobaocdn.com/bao/uploaded/i1/T1bnBZFzpeXXXXXXXX_!!0-item_pic.jpg,7-Feb,,s99
269,http://img01.taobaocdn.com/bao/uploaded/i1/TB1kAhRGXXXXXXfXXXXXXXXXXXX_!!0-item_pic.jpg,3-Feb,b59,s100
191,http://img01.taobaocdn.com/bao/uploaded/i1/16812028052942249/T1K_m2Fi0cXXXXXXXX_!!0-item_pic.jpg,7-Feb,b60,s101
444,http://img01.taobaocdn.com/bao/uploaded/i4/TB1SyW.GpXXXXXUXXXXXXXXXXXX_!!0-item_pic.jpg,9-Jan,b61,s102
298,http://img01.taobaocdn.com/bao/uploaded/i3/TB1AZ1gGXXXXXcBXpXXXXXXXXXX_!!0-item_pic.jpg,5-Feb,,s103
520,http://img01.taobaocdn.com/bao/uploaded/i2/T1ySERFJBXXXXXXXXX_!!0-item_pic.jpg,4-Feb,,s104
285,http://img01.taobaocdn.com/bao/uploaded/i1/TB1iUv5GpXXXXX0XVXXXXXXXXXX_!!0-item_pic.jpg,3-Feb,b62,s105
303,http://img01.taobaocdn.com/bao/uploaded/i2/TB1FwssFVXXXXcsXXXXXXXXXXXX_!!0-item_pic.jpg,7-Feb,b63,s106
351,http://img01.taobaocdn.com/bao/uploaded/i2/TB1H7c_FVXXXXXPXpXXXXXXXXXX_!!0-item_pic.jpg,3-Feb,b64,s107
417,http://img01.taobaocdn.com/bao/uploaded/i4/TB19eT0FVXXXXbfaXXXXXXXXXXX_!!0-item_pic.jpg,2-Feb,,s108
165,http://img01.taobaocdn.com/bao/uploaded/i1/11387030862195228/T1KM3IFmJbXXXXXXXX_!!0-item_pic.jpg,4-Feb,b65,s109
529,http://img01.taobaocdn.com/bao/uploaded/i1/TB1CbUsFVXXXXaBXXXXXXXXXXXX_!!0-item_pic.jpg,3-Feb,b66,s110
258,http://img01.taobaocdn.com/bao/uploaded/i3/TB1DoUCGpXXXXawXXXXXXXXXXXX_!!0-item_pic.jpg,9-Jan,b67,s111
342,http://img01.taobaocdn.com/bao/uploaded/i1/TB137ZtFVXXXXXZXpXXXXXXXXXX_!!0-item_pic.jpg,3-Feb,b68,s112
180,http://img01.taobaocdn.com/bao/uploaded/i4/TB1T5_vGXXXXXadXVXXXXXXXXXX_!!0-item_pic.jpg,15-Feb,b47,s77
296,http://img01.taobaocdn.com/bao/uploaded/i4/TB1f3MhFVXXXXa5XFXXXXXXXXXX_!!0-item_pic.jpg,7-Feb,b69,s113
266,http://img01.taobaocdn.com/bao/uploaded/i2/TB1v0BaGXXXXXb6XVXXXXXXXXXX_!!0-item_pic.jpg,2-Jan,b70,s114
371,http://img01.taobaocdn.com/bao/uploaded/i4/TB1.VrdFVXXXXXhXVXXXXXXXXXX_!!0-item_pic.jpg,17-Feb,,s115
241,http://img01.taobaocdn.com/bao/uploaded/i1/TB1iav1FVXXXXagaXXXXXXXXXXX_!!0-item_pic.jpg,4-Jan,b71,s116
500,http://img01.taobaocdn.com/bao/uploaded/i4/T1dAzUFgtdXXXXXXXX_!!0-item_pic.jpg,3-Feb,,s117
208,http://img01.taobaocdn.com/bao/uploaded/i2/TB1SD_WGXXXXXXRXVXXXXXXXXXX_!!0-item_pic.jpg,2-Jan,b72,s118
503,http://img01.taobaocdn.com/bao/uploaded/i4/TB1yTMcFVXXXXcWXXXXXXXXXXXX_!!0-item_pic.jpg,3-Feb,b73,s119
236,http://img01.taobaocdn.com/bao/uploaded/i2/T1I2QYFqJaXXXXXXXX_!!0-item_pic.jpg,4-Jan,b74,s120
366,http://img01.taobaocdn.com/bao/uploaded/i3/T1qR4ZFBXaXXXXXXXX_!!0-item_pic.jpg,4-Jan,b75,s121
333,http://img01.taobaocdn.com/bao/uploaded/i4/T1MyC4FfJbXXXXXXXX_!!0-item_pic.jpg,19-Feb,,s122
80,http://img01.taobaocdn.com/bao/uploaded/i2/T1Cq4jFTFcXXXXXXXX_!!0-item_pic.jpg,7-Jan,b50,s80
104,http://img01.taobaocdn.com/bao/uploaded/i3/T1MMz1FxhcXXXXXXXX_!!0-item_pic.jpg,19-Feb,b76,s123
116,http://img01.taobaocdn.com/bao/uploaded/i4/TB1UfyaGXXXXXbbXXXXXXXXXXXX_!!0-item_pic.jpg,10-Feb,,s124
261,http://img01.taobaocdn.com/bao/uploaded/i1/TB1X0RRGXXXXXaRXFXXXXXXXXXX_!!0-item_pic.jpg,2-Jan,b77,s125
89,http://img01.taobaocdn.com/bao/uploaded/i2/T1yHTNFANXXXXXXXXX_!!0-item_pic.jpg,4-Jan,b3,s5
445,http://img01.taobaocdn.com/bao/uploaded/i1/TB1KPkMGXXXXXauXFXXXXXXXXXX_!!0-item_pic.jpg,3-Feb,b5,s8
28,http://img01.taobaocdn.com/bao/uploaded/i4/TB1MBQlGpXXXXcGXFXXXXXXXXXX_!!0-item_pic.jpg,4-Jan,b28,s126
558,http://img01.taobaocdn.com/bao/uploaded/i3/TB1juuAGpXXXXbgXpXXXXXXXXXX_!!0-item_pic.jpg,7-Jan,b78,s127
362,http://img01.taobaocdn.com/bao/uploaded/i3/TB1hPqlGpXXXXaVXVXXXXXXXXXX_!!0-item_pic.jpg,9-Jan,b79,s128
510,http://img01.taobaocdn.com/bao/uploaded/i4/T1lH_KFI4aXXXXXXXX_!!0-item_pic.jpg,7-Feb,,s129
102,http://img01.taobaocdn.com/bao/uploaded/i3/TB1LvnUGpXXXXbBXXXXXXXXXXXX_!!0-item_pic.jpg,3-Feb,b80,s130
26,http://img01.taobaocdn.com/bao/uploaded/i3/TB1dyhqGFXXXXc5XpXXXXXXXXXX_!!0-item_pic.jpg,3-Feb,b81,s131
281,http://img01.taobaocdn.com/bao/uploaded/i2/TB19WTVFVXXXXc8XVXXXXXXXXXX_!!0-item_pic.jpg,15-Feb,b82,s132
554,http://img01.taobaocdn.com/bao/uploaded/i1/TB122t7FVXXXXcvXpXXXXXXXXXX_!!0-item_pic.jpg,10-Feb,,s133
204,http://img01.taobaocdn.com/bao/uploaded/i2/TB1lcWEGpXXXXamXpXXXXXXXXXX_!!0-item_pic.jpg,7-Jan,,s134
253,http://img01.taobaocdn.com/bao/uploaded/i2/TB1PnJWGXXXXXc8XXXXXXXXXXXX_!!0-item_pic.jpg,3-Feb,b83,s135
98,http://img01.taobaocdn.com/bao/uploaded/i2/T1sQSLFs8lXXXXXXXX_!!0-item_pic.jpg,14-Feb,,s136
334,http://img01.taobaocdn.com/bao/uploaded/i4/TB1KTykGXXXXXb5aXXXXXXXXXXX_!!0-item_pic.jpg,5-Feb,b84,s137
257,http://img01.taobaocdn.com/bao/uploaded/i3/TB1QJGLFVXXXXaLXVXXXXXXXXXX_!!0-item_pic.jpg,7-Jan,b85,s138
76,http://img01.taobaocdn.com/bao/uploaded/i1/T1RnPeFXxdXXXXXXXX_!!0-item_pic.jpg,10-Feb,,s139
517,http://img01.taobaocdn.com/bao/uploaded/i3/TB14kDCGpXXXXbWXFXXXXXXXXXX_!!0-item_pic.jpg,2-Jan,b86,s140
396,http://img01.taobaocdn.com/bao/uploaded/i4/TB1813pGpXXXXXoXVXXXXXXXXXX_!!0-item_pic.jpg,3-Feb,b87,s141
179,http://img01.taobaocdn.com/bao/uploaded/i4/1860270913/T1QsV7FEXXXXXXXXXX_!!0-item_pic.jpg,7-Jan,b88,s142
438,http://img01.taobaocdn.com/bao/uploaded/i4/TB1xbJLFVXXXXb3XXXXXXXXXXXX_!!0-item_pic.jpg,24-Feb,b89,s143
406,http://img01.taobaocdn.com/bao/uploaded/i4/TB1ZwByGXXXXXc0aXXXXXXXXXXX_!!0-item_pic.jpg,23-Feb,b90,s144
437,http://img01.taobaocdn.com/bao/uploaded/i2/T1tqt1Fw8eXXXXXXXX_!!0-item_pic.jpg,5-Feb,b9,s145
97,http://img01.taobaocdn.com/bao/uploaded/i2/T1tCzZFe8iXXXXXXXX_!!0-item_pic.jpg,7-Feb,,s146
302,http://img01.taobaocdn.com/bao/uploaded/i3/18078027161578966/T1PAuuFhJaXXXXXXXX_!!0-item_pic.jpg,2-Feb,b91,s147
187,http://img01.taobaocdn.com/bao/uploaded/i4/T1lH_KFI4aXXXXXXXX_!!0-item_pic.jpg,7-Feb,,s148
114,http://img01.taobaocdn.com/bao/uploaded/i1/TB1rMvGGXXXXXcrXXXXXXXXXXXX_!!0-item_pic.jpg,19-Feb,b92,s149
385,http://img01.taobaocdn.com/bao/uploaded/i2/TB1.b8CFVXXXXbmXVXXXXXXXXXX_!!0-item_pic.jpg,2-Feb,,s150
169,http://img01.taobaocdn.com/bao/uploaded/i4/TB1uFOXGpXXXXbfXFXXXXXXXXXX_!!0-item_pic.jpg,9-Jan,b61,s102
547,http://img01.taobaocdn.com/bao/uploaded/i3/TB1ho6VGpXXXXa.XXXXXXXXXXXX_!!1-item_pic.gif,7-Jan,b93,s151
557,http://img01.taobaocdn.com/bao/uploaded/i4/T1yOqlFxRdXXXXXXXX_!!0-item_pic.jpg,4-Jan,b75,s152
216,http://img01.taobaocdn.com/bao/uploaded/i2/TB1AeVgFVXXXXcJXFXXXXXXXXXX_!!0-item_pic.jpg,7-Feb,,s153
480,http://img01.taobaocdn.com/bao/uploaded/i3/T1_qj0FwVdXXXXXXXX_!!0-item_pic.jpg,3-Feb,b94,s154
326,http://img01.taobaocdn.com/bao/uploaded/i3/TB1T.jYGXXXXXcXXpXXXXXXXXXX_!!0-item_pic.jpg,8-Feb,,s155
427,http://img01.taobaocdn.com/bao/uploaded/i1/T1K.5aFrtdXXXXXXXX_!!0-item_pic.jpg,5-Feb,b95,s156
306,http://img01.taobaocdn.com/bao/uploaded/i2/T1T0Q2FeNaXXXXXXXX_!!0-item_pic.jpg,2-Feb,,s157
227,http://img01.taobaocdn.com/bao/uploaded/i3/TB1UO3gFVXXXXaiXFXXXXXXXXXX_!!0-item_pic.jpg,9-Feb,b96,s158
274,http://img01.taobaocdn.com/bao/uploaded/i3/T1MqcuFGJeXXXXXXXX_!!0-item_pic.jpg,8-Feb,b97,s159
72,http://img01.taobaocdn.com/bao/uploaded/i4/TB1x3P6GXXXXXcLXpXXXXXXXXXX_!!0-item_pic.jpg,13-Feb,b98,s160
172,http://img01.taobaocdn.com/bao/uploaded/i4/TB11KckGpXXXXccXFXXXXXXXXXX_!!2-item_pic.png,3-Feb,b99,s161
308,http://img01.taobaocdn.com/bao/uploaded/i3/TB1K1g7FVXXXXb.XXXXXXXXXXXX_!!0-item_pic.jpg,9-Feb,,s162
163,http://img01.taobaocdn.com/bao/uploaded/i1/T1zZX5FuNeXXXXXXXX_!!0-item_pic.jpg,2-Jan,b100,s163
324,http://img01.taobaocdn.com/bao/uploaded/i2/TB1LOggFVXXXXc3XpXXXXXXXXXX_!!0-item_pic.jpg,13-Feb,b101,s164
164,http://img01.taobaocdn.com/bao/uploaded/i3/TB11iV2GFXXXXX3XXXXXXXXXXXX_!!2-item_pic.png,17-Feb,b102,s165
416,http://img01.taobaocdn.com/bao/uploaded/i2/TB1A2YdFVXXXXavXFXXXXXXXXXX_!!0-item_pic.jpg,4-Feb,,s166
413,http://img01.taobaocdn.com/bao/uploaded/i2/TB1aIEMGpXXXXb5XXXXXXXXXXXX_!!0-item_pic.jpg,19-Feb,b103,s167
110,http://img01.taobaocdn.com/bao/uploaded/i1/TB1DGNoGFXXXXbEXFXXXXXXXXXX_!!0-item_pic.jpg,3-Feb,b45,s75
352,http://img01.taobaocdn.com/bao/uploaded/i4/TB1q11ZFVXXXXanXFXXXXXXXXXX_!!0-item_pic.jpg,10-Feb,,s29
561,http://img01.taobaocdn.com/bao/uploaded/i4/TB1144IGXXXXXc3XXXXXXXXXXXX_!!0-item_pic.jpg,3-Feb,b104,s168
81,http://img01.taobaocdn.com/bao/uploaded/i4/TB1XzsfGXXXXXXOXFXXXXXXXXXX_!!0-item_pic.jpg,2-Jan,b105,s169
502,http://img01.taobaocdn.com/bao/uploaded/i1/TB1nK8qGFXXXXa7XVXXXXXXXXXX_!!0-item_pic.jpg,7-Feb,b106,s170
392,http://img01.taobaocdn.com/bao/uploaded/i4/TB1SKMTFVXXXXXsXFXXXXXXXXXX_!!0-item_pic.jpg,3-Feb,b37,s61
340,http://img01.taobaocdn.com/bao/uploaded/i2/TB1naESFVXXXXbAXVXXXXXXXXXX_!!0-item_pic.jpg,3-Feb,b107,s171
87,http://img01.taobaocdn.com/bao/uploaded/i3/TB1YiZ.FVXXXXauaXXXXXXXXXXX_!!0-item_pic.jpg,2-Feb,,s172
138,http://img01.taobaocdn.com/bao/uploaded/i4/TB1RM52FVXXXXblXpXXXXXXXXXX_!!0-item_pic.jpg,14-Feb,,s173
311,http://img01.taobaocdn.com/bao/uploaded/i1/T1pL7FFuNXXXXXXXXX_!!0-item_pic.jpg,4-Jan,b108,s174
367,http://img01.taobaocdn.com/bao/uploaded/i2/TB13qNPFVXXXXbIaXXXXXXXXXXX_!!0-item_pic.jpg,7-Feb,,s175
56,http://img01.taobaocdn.com/bao/uploaded/i4/TB1b3FZFVXXXXalaXXXXXXXXXXX_!!0-item_pic.jpg,15-Feb,b109,s176
197,http://img01.taobaocdn.com/bao/uploaded/i2/T1gDS3FRpeXXXXXXXX_!!0-item_pic.jpg,19-Feb,,s177
375,http://img01.taobaocdn.com/bao/uploaded/i4/T17hiQFq8pXXXXXXXX_!!0-item_pic.jpg,9-Feb,b110,s178
182,http://img01.taobaocdn.com/bao/uploaded/i3/T1RqePFmpfXXXXXXXX_!!0-item_pic.jpg,2-Feb,,s179
8,http://img01.taobaocdn.com/bao/uploaded/i3/TB1lBNmGpXXXXXhXpXXXXXXXXXX_!!0-item_pic.jpg,6-Jan,b111,s180
46,http://img01.taobaocdn.com/bao/uploaded/i2/TB1zjXXGXXXXXbWaXXXXXXXXXXX_!!0-item_pic.jpg,11-Feb,b112,s181
536,http://img01.taobaocdn.com/bao/uploaded/i1/TB1mbJ3FVXXXXblXFXXXXXXXXXX_!!0-item_pic.jpg,5-Feb,b113,s182
560,http://img01.taobaocdn.com/bao/uploaded/i4/12809030247596879/T1dNwNFkhcXXXXXXXX_!!0-item_pic.jpg,3-Feb,b114,s183
57,http://img01.taobaocdn.com/bao/uploaded/i4/TB11XGTFVXXXXcuXVXXXXXXXXXX_!!0-item_pic.jpg,5-Feb,,s184
242,http://img01.taobaocdn.com/bao/uploaded/i4/TB1QbtwFVXXXXaNXVXXXXXXXXXX_!!0-item_pic.jpg,7-Jan,b115,s185
152,http://img01.taobaocdn.com/bao/uploaded/i2/TB10VCRGXXXXXc0XVXXXXXXXXXX_!!0-item_pic.jpg,10-Feb,b13,s20
230,http://img01.taobaocdn.com/bao/uploaded/i1/TB13mP9FVXXXXc9XFXXXXXXXXXX_!!0-item_pic.jpg,10-Feb,b116,s186
68,http://img01.taobaocdn.com/bao/uploaded/i3/T1JqaOFxRgXXXXXXXX_!!0-item_pic.jpg,9-Jan,b9,s187
55,http://img01.taobaocdn.com/bao/uploaded/i4/TB1pWfoFVXXXXc0XpXXXXXXXXXX_!!0-item_pic.jpg,7-Jan,b117,s188
22,http://img01.taobaocdn.com/bao/uploaded/i4/T1RJS3FThaXXXXXXXX_!!0-item_pic.jpg,9-Feb,b118,s189
161,http://img01.taobaocdn.com/bao/uploaded/i4/TB13prJFVXXXXbVXpXXXXXXXXXX_!!0-item_pic.jpg,9-Jan,b51,s190
508,http://img01.taobaocdn.com/bao/uploaded/i2/TB1BqaJGpXXXXccXXXXXXXXXXXX_!!0-item_pic.jpg,3-Feb,b119,s191
461,http://img01.taobaocdn.com/bao/uploaded/i1/T1FcfhFIlbXXXXXXXX_!!0-item_pic.jpg,10-Feb,,s192
425,http://img01.taobaocdn.com/bao/uploaded/i2/TB1.BaVFVXXXXaVXFXXXXXXXXXX_!!0-item_pic.jpg,4-Jan,b120,s193
463,http://img01.taobaocdn.com/bao/uploaded/i2/TB1m5zxGXXXXXaSXVXXXXXXXXXX_!!0-item_pic.jpg,3-Feb,b121,s194
65,http://img01.taobaocdn.com/bao/uploaded/i3/TB1RDhfGXXXXXbaXFXXXXXXXXXX_!!0-item_pic.jpg,3-Feb,,s195
66,http://img01.taobaocdn.com/bao/uploaded/i1/TB1vaICGXXXXXcrXpXXXXXXXXXX_!!0-item_pic.jpg,4-Feb,,s196
300,http://img01.taobaocdn.com/bao/uploaded/i4/TB1TLpsFVXXXXXkapXXXXXXXXXX_!!0-item_pic.jpg,4-Feb,,s197
293,http://img01.taobaocdn.com/bao/uploaded/i1/TB1C6aJGXXXXXaiaXXXXXXXXXXX_!!0-item_pic.jpg,17-Feb,,s198
106,http://img01.taobaocdn.com/bao/uploaded/i2/TB1PHVrGFXXXXbzXXXXXXXXXXXX_!!0-item_pic.jpg,6-Jan,b122,s199
30,http://img01.taobaocdn.com/bao/uploaded/i4/TB1jnwnFVXXXXXLXVXXXXXXXXXX_!!0-item_pic.jpg,5-Feb,,s81
107,http://img01.taobaocdn.com/bao/uploaded/i4/15437028253241873/T1VqTaFcxcXXXXXXXX_!!0-item_pic.jpg,10-Feb,,s200
111,http://img01.taobaocdn.com/bao/uploaded/i3/TB1sYVoGXXXXXcUXXXXXXXXXXXX_!!0-item_pic.jpg,3-Feb,b123,s201
297,http://img01.taobaocdn.com/bao/uploaded/i2/TB1ZcGYFVXXXXb4XXXXXXXXXXXX_!!0-item_pic.jpg,5-Feb,,s202
38,http://img01.taobaocdn.com/bao/uploaded/i1/TB1mmHYGpXXXXXbXpXXXXXXXXXX_!!0-item_pic.jpg,10-Feb,b4,s203
363,http://img01.taobaocdn.com/bao/uploaded/i4/TB19f1bFVXXXXbIXFXXXXXXXXXX_!!0-item_pic.jpg,3-Feb,,s204
494,http://img01.taobaocdn.com/bao/uploaded/i4/TB1P_q_FVXXXXbIXpXXXXXXXXXX_!!0-item_pic.jpg,7-Feb,,s205
378,http://img01.taobaocdn.com/bao/uploaded/i4/TB1saoWFFXXXXX4XXXXXXXXXXXX_!!0-item_pic.jpg,19-Feb,,s206
419,http://img01.taobaocdn.com/bao/uploaded/i3/TB1KkZdGXXXXXb9XXXXXXXXXXXX_!!0-item_pic.jpg,3-Feb,,s207
209,http://img01.taobaocdn.com/bao/uploaded/i4/TB1v6PaFVXXXXbLaXXXXXXXXXXX_!!0-item_pic.jpg,2-Jan,b124,s208
153,http://img01.taobaocdn.com/bao/uploaded/i2/TB1meJbFVXXXXXRXFXXXXXXXXXX_!!0-item_pic.jpg,2-Jan,b125,s209
54,http://img01.taobaocdn.com/bao/uploaded/i3/TB1AmzwGXXXXXcmXpXXXXXXXXXX_!!0-item_pic.jpg,3-Feb,,s210
154,http://img01.taobaocdn.com/bao/uploaded/i4/TB1LH8cGFXXXXXCXpXXXXXXXXXX_!!0-item_pic.jpg,7-Feb,,s89
137,http://img01.taobaocdn.com/bao/uploaded/i4/TB1ETBcFVXXXXbvXFXXXXXXXXXX_!!0-item_pic.jpg,6-Jan,b126,s211
86,http://img01.taobaocdn.com/bao/uploaded/i2/TB1UQ4nGFXXXXbLXVXXXXXXXXXX_!!0-item_pic.jpg,2-Jan,b27,s44
132,http://img01.taobaocdn.com/bao/uploaded/i3/TB13CnGFVXXXXXaXFXXXXXXXXXX_!!0-item_pic.jpg,5-Feb,b127,s212
430,http://img01.taobaocdn.com/bao/uploaded/i1/TB1rAKqGXXXXXXMXXXXXXXXXXXX_!!0-item_pic.jpg,2-Feb,,s213
338,http://img01.taobaocdn.com/bao/uploaded/i3/T1lmpAFO8cXXXXXXXX_!!0-item_pic.jpg,7-Jan,b9,s214
505,http://img01.taobaocdn.com/bao/uploaded/i2/TB1JHvKGXXXXXXjXXXXXXXXXXXX_!!0-item_pic.jpg,2-Feb,b128,s215
401,http://img01.taobaocdn.com/bao/uploaded/i4/TB1kRuwGpXXXXbKXXXXXXXXXXXX_!!0-item_pic.jpg,9-Jan,b61,s102
295,http://img01.taobaocdn.com/bao/uploaded/i2/TB1UttbGXXXXXauaXXXXXXXXXXX_!!0-item_pic.jpg,4-Feb,b129,s216
62,http://img01.taobaocdn.com/bao/uploaded/i4/TB1kv9HGpXXXXbpXXXXXXXXXXXX_!!0-item_pic.jpg,7-Jan,b9,s217
215,http://img01.taobaocdn.com/bao/uploaded/i2/TB1nSqEGpXXXXa4XXXXXXXXXXXX_!!0-item_pic.jpg,3-Feb,b130,s218
507,http://img01.taobaocdn.com/bao/uploaded/i2/T1lGwBFbVcXXXXXXXX_!!0-item_pic.jpg,3-Feb,b131,s219
16,http://img01.taobaocdn.com/bao/uploaded/i2/T1Boz3FK8XXXXXXXXX_!!1-item_pic.gif,9-Jan,b132,s220
534,http://img01.taobaocdn.com/bao/uploaded/i2/TB15nlsGpXXXXbnXXXXXXXXXXXX_!!0-item_pic.jpg,3-Feb,b133,s221
386,http://img01.taobaocdn.com/bao/uploaded/i1/TB1zEUgGpXXXXaEXVXXXXXXXXXX_!!0-item_pic.jpg,3-Feb,b134,s222
515,http://img01.taobaocdn.com/bao/uploaded/i2/TB1X86GGXXXXXX1XXXXXXXXXXXX_!!0-item_pic.jpg,25-Jan,b135,s223
315,http://img01.taobaocdn.com/bao/uploaded/i4/TB1WdAeGXXXXXcfXpXXXXXXXXXX_!!0-item_pic.jpg,7-Feb,,s148
141,http://img01.taobaocdn.com/bao/uploaded/i2/TB1DkpoFVXXXXb_XFXXXXXXXXXX_!!0-item_pic.jpg,2-Feb,b136,s224
468,http://img01.taobaocdn.com/bao/uploaded/i1/TB1nJq6GXXXXXc9XXXXXXXXXXXX_!!0-item_pic.jpg,3-Feb,b137,s225
328,http://img01.taobaocdn.com/bao/uploaded/i3/TB1D7lcGXXXXXX5XXXXXXXXXXXX_!!2-item_pic.png,10-Feb,,s226
83,http://img01.taobaocdn.com/bao/uploaded/i4/T1JtFwFytjXXXXXXXX_!!0-item_pic.jpg,15-Feb,b138,s227
123,http://img01.taobaocdn.com/bao/uploaded/i2/T14bcGFtXiXXXXXXXX_!!0-item_pic.jpg,3-Feb,,s228
523,http://img01.taobaocdn.com/bao/uploaded/i1/TB1biZ3FFXXXXc8XpXXXXXXXXXX_!!0-item_pic.jpg,4-Jan,b139,s229
310,http://img01.taobaocdn.com/bao/uploaded/i1/TB1p_xFGXXXXXb9XVXXXXXXXXXX_!!0-item_pic.jpg,4-Jan,b140,s230
9,http://img01.taobaocdn.com/bao/uploaded/i2/TB1.sOgFVXXXXbhaXXXXXXXXXXX_!!0-item_pic.jpg,4-Feb,b141,s231
555,http://img01.taobaocdn.com/bao/uploaded/i3/T1LS8zFxRlXXXXXXXX_!!0-item_pic.jpg,9-Feb,b142,s232
294,http://img01.taobaocdn.com/bao/uploaded/i1/TB1HR8sGXXXXXc4aXXXXXXXXXXX_!!0-item_pic.jpg,10-Feb,,s233
407,http://img01.taobaocdn.com/bao/uploaded/i1/TB1yHnzGpXXXXalXpXXXXXXXXXX_!!0-item_pic.jpg,5-Feb,,s234
243,http://img01.taobaocdn.com/bao/uploaded/i4/TB1r.2HGXXXXXbEXXXXXXXXXXXX_!!0-item_pic.jpg,9-Jan,b143,s235
402,http://img01.taobaocdn.com/bao/uploaded/i3/TB16AR9GXXXXXbTXpXXXXXXXXXX_!!0-item_pic.jpg,7-Feb,,s236
421,http://img01.taobaocdn.com/bao/uploaded/i4/TB1vA7rFVXXXXX1XXXXXXXXXXXX_!!0-item_pic.jpg,11-Feb,b144,s237
292,http://img01.taobaocdn.com/bao/uploaded/i4/TB1hbYJFVXXXXa3XFXXXXXXXXXX_!!0-item_pic.jpg,7-Feb,b145,s238
465,http://img01.taobaocdn.com/bao/uploaded/i3/T1z6ZEFsXaXXXXXXXX_!!0-item_pic.jpg,3-Feb,,s239
553,http://img01.taobaocdn.com/bao/uploaded/i1/TB1R45DFVXXXXc3XVXXXXXXXXXX_!!0-item_pic.jpg,9-Jan,b146,s240
234,http://img01.taobaocdn.com/bao/uploaded/i1/TB1.XlTFVXXXXcmXXXXXXXXXXXX_!!0-item_pic.jpg,4-Jan,b147,s241
190,http://img01.taobaocdn.com/bao/uploaded/i2/TB1_l9dGXXXXXcfXVXXXXXXXXXX_!!0-item_pic.jpg,10-Feb,b4,s242
31,http://img01.taobaocdn.com/bao/uploaded/i4/TB1eyqwGXXXXXXfXpXXXXXXXXXX_!!0-item_pic.jpg,10-Feb,b4,s243
32,http://img01.taobaocdn.com/bao/uploaded/i1/TB1rkASGXXXXXXoXXXXXXXXXXXX_!!0-item_pic.jpg,12-Feb,,s244
335,http://img01.taobaocdn.com/bao/uploaded/i1/T1fIWGFvRgXXXXXXXX_!!0-item_pic.jpg,9-Jan,b148,s245
271,http://img01.taobaocdn.com/bao/uploaded/i4/T1ARgeFyVXXXXXXXXX_!!0-item_pic.jpg,4-Jan,b75,s246
159,http://img01.taobaocdn.com/bao/uploaded/i4/TB19qh8GXXXXXbUXFXXXXXXXXXX_!!0-item_pic.jpg,9-Jan,b149,s247
307,http://img01.taobaocdn.com/bao/uploaded/i2/TB1NNqVGXXXXXXhXXXXXXXXXXXX_!!0-item_pic.jpg,3-Feb,b150,s248
70,http://img01.taobaocdn.com/bao/uploaded/i3/TB1XXttGXXXXXX0XVXXXXXXXXXX_!!0-item_pic.jpg,2-Feb,b151,s249
498,http://img01.taobaocdn.com/bao/uploaded/i4/T1EaJqFKhcXXXXXXXX_!!0-item_pic.jpg,9-Feb,,s250
287,http://img01.taobaocdn.com/bao/uploaded/i1/TB1L.U9FVXXXXXjXVXXXXXXXXXX_!!0-item_pic.jpg,22-Feb,,s251
420,http://img01.taobaocdn.com/bao/uploaded/i3/T1bRpzFxFXXXXXXXXX_!!0-item_pic.jpg,5-Feb,,s252
71,http://img01.taobaocdn.com/bao/uploaded/i2/TB1_RDgFVXXXXbaXXXXXXXXXXXX_!!0-item_pic.jpg,16-Jan,b152,s253
359,http://img01.taobaocdn.com/bao/uploaded/i1/T1yl1.FzBaXXXXXXXX_!!0-item_pic.jpg,3-Feb,b153,s254
79,http://img01.taobaocdn.com/bao/uploaded/i2/TB1YMF4GXXXXXXwaXXXXXXXXXXX_!!0-item_pic.jpg,9-Jan,b51,s82
355,http://img01.taobaocdn.com/bao/uploaded/i1/TB1OlbbFVXXXXalXXXXXXXXXXXX_!!0-item_pic.jpg,2-Feb,b154,s255
288,http://img01.taobaocdn.com/bao/uploaded/i3/17766026995929023/T1fdOuFc8XXXXXXXXX_!!0-item_pic.jpg,10-Feb,,s256
151,http://img01.taobaocdn.com/bao/uploaded/i3/TB1YNJiGpXXXXc2XXXXXXXXXXXX_!!0-item_pic.jpg,10-Feb,b155,s257
175,http://img01.taobaocdn.com/bao/uploaded/i3/T1SoemFztiXXXXXXXX_!!0-item_pic.jpg,9-Jan,b156,s258
49,http://img01.taobaocdn.com/bao/uploaded/i1/TB12UHcFVXXXXcMXXXXXXXXXXXX_!!0-item_pic.jpg,7-Feb,,s259
376,http://img01.taobaocdn.com/bao/uploaded/i2/TB1.eCOGXXXXXbsXVXXXXXXXXXX_!!0-item_pic.jpg,9-Jan,b157,s260
275,http://img01.taobaocdn.com/bao/uploaded/i1/TB1920XGXXXXXaCXXXXXXXXXXXX_!!0-item_pic.jpg,9-Jan,b158,s261
157,http://img01.taobaocdn.com/bao/uploaded/i4/TB15PHfFVXXXXbXXVXXXXXXXXXX_!!0-item_pic.jpg,19-Feb,b159,s262
449,http://img01.taobaocdn.com/bao/uploaded/i3/TB1Z1ZJFVXXXXbxaXXXXXXXXXXX_!!0-item_pic.jpg,3-Feb,b160,s263
100,http://img01.taobaocdn.com/bao/uploaded/i1/TB1.aAZFFXXXXbDXXXXXXXXXXXX_!!0-item_pic.jpg,7-Jan,b161,s264
194,http://img01.taobaocdn.com/bao/uploaded/i4/TB1BjXSGXXXXXb9XpXXXXXXXXXX_!!0-item_pic.jpg,15-Feb,,s265
381,http://img01.taobaocdn.com/bao/uploaded/i4/TB1X7ykGpXXXXc0XXXXXXXXXXXX_!!0-item_pic.jpg,3-Feb,b162,s266
255,http://img01.taobaocdn.com/bao/uploaded/i1/TB16sWpGpXXXXbzXpXXXXXXXXXX_!!0-item_pic.jpg,3-Feb,b163,s267
284,http://img01.taobaocdn.com/bao/uploaded/i4/TB1STTHFVXXXXayXFXXXXXXXXXX_!!0-item_pic.jpg,4-Feb,b164,s268
530,http://img01.taobaocdn.com/bao/uploaded/i1/TB1yeLyFFXXXXaDXFXXXXXXXXXX_!!0-item_pic.jpg,7-Feb,b165,s269
78,http://img01.taobaocdn.com/bao/uploaded/i3/T1ECHSFutlXXXXXXXX_!!0-item_pic.jpg,7-Feb,,s270
118,http://img01.taobaocdn.com/bao/uploaded/i1/TB1SoIZGXXXXXbxXpXXXXXXXXXX_!!0-item_pic.jpg,2-Jan,b166,s271
92,http://img01.taobaocdn.com/bao/uploaded/i4/TB16091GXXXXXbQXVXXXXXXXXXX_!!0-item_pic.jpg,14-Feb,,s272
318,http://img01.taobaocdn.com/bao/uploaded/i3/TB1mqGWFVXXXXXAXFXXXXXXXXXX_!!0-item_pic.jpg,19-Feb,,s273
40,http://img01.taobaocdn.com/bao/uploaded/i3/TB1cwm4GXXXXXbuXFXXXXXXXXXX_!!0-item_pic.jpg,13-Feb,b167,s274
473,http://img01.taobaocdn.com/bao/uploaded/i1/TB1MT9rFVXXXXbtXVXXXXXXXXXX_!!0-item_pic.jpg,3-Feb,b168,s275
11,http://img01.taobaocdn.com/bao/uploaded/i2/T1eDpiFPhaXXXXXXXX_!!0-item_pic.jpg,3-Feb,b169,s276
353,http://img01.taobaocdn.com/bao/uploaded/i4/TB1ydu8GpXXXXbEXXXXXXXXXXXX_!!0-item_pic.jpg,3-Feb,,s277
21,http://img01.taobaocdn.com/bao/uploaded/i2/TB1sio4GpXXXXaHXpXXXXXXXXXX_!!0-item_pic.jpg,6-Jan,b9,s278
394,http://img01.taobaocdn.com/bao/uploaded/i4/TB185r2GXXXXXbzXXXXXXXXXXXX_!!0-item_pic.jpg,5-Feb,b170,s279
327,http://img01.taobaocdn.com/bao/uploaded/i1/T1vpOOFqxgXXXXXXXX_!!0-item_pic.jpg,5-Feb,b171,s280
133,http://img01.taobaocdn.com/bao/uploaded/i3/TB1j2NHFVXXXXXMXVXXXXXXXXXX_!!0-item_pic.jpg,4-Feb,b172,s281
130,http://img01.taobaocdn.com/bao/uploaded/i1/T14j7mFqJeXXXXXXXX_!!0-item_pic.jpg,12-Feb,b173,s282
52,http://img01.taobaocdn.com/bao/uploaded/i2/T1645qFE0cXXXXXXXX_!!0-item_pic.jpg,10-Feb,,s283
160,http://img01.taobaocdn.com/bao/uploaded/i4/TB1Lpz0FVXXXXXFXVXXXXXXXXXX_!!0-item_pic.jpg,15-Feb,b174,s284
64,http://img01.taobaocdn.com/bao/uploaded/i3/TB1ZTMlGpXXXXcuXVXXXXXXXXXX_!!0-item_pic.jpg,7-Jan,b175,s285
120,http://img01.taobaocdn.com/bao/uploaded/i1/TB1PD0TGXXXXXXkXVXXXXXXXXXX_!!0-item_pic.jpg,3-Feb,b176,s286
115,http://img01.taobaocdn.com/bao/uploaded/i3/TB1WF77FVXXXXavXVXXXXXXXXXX_!!0-item_pic.jpg,3-Feb,b177,s287
44,http://img01.taobaocdn.com/bao/uploaded/i3/12867030382408967/T1cv51FXddXXXXXXXX_!!0-item_pic.jpg,7-Jan,b27,s44
549,http://img01.taobaocdn.com/bao/uploaded/i2/TB1vJD4FVXXXXcrXXXXXXXXXXXX_!!0-item_pic.jpg,4-Feb,b123,s201
74,http://img01.taobaocdn.com/bao/uploaded/i3/TB1Gp3tGpXXXXcdXFXXXXXXXXXX_!!0-item_pic.jpg,18-Jan,b143,s288
212,http://img01.taobaocdn.com/bao/uploaded/i3/T1V0hHFP0lXXXXXXXX_!!0-item_pic.jpg,4-Feb,b178,s289
337,http://img01.taobaocdn.com/bao/uploaded/i4/T1gylWFjRXXXXXXXXX_!!0-item_pic.jpg,6-Jan,b179,s290
143,http://img01.taobaocdn.com/bao/uploaded/i2/17767034204576209/T1B.V8XvhaXXXXXXXX_!!0-item_pic.jpg,5-Feb,b180,s291
522,http://img01.taobaocdn.com/bao/uploaded/i4/TB1zbj5GpXXXXaiXVXXXXXXXXXX_!!0-item_pic.jpg,2-Jan,b143,s235
268,http://img01.taobaocdn.com/bao/uploaded/i3/T1y7JaFMNeXXXXXXXX_!!0-item_pic.jpg,19-Feb,,s292
4,http://img01.taobaocdn.com/bao/uploaded/i1/TB15U_eFVXXXXcPXXXXXXXXXXXX_!!0-item_pic.jpg,3-Feb,b181,s293
177,http://img01.taobaocdn.com/bao/uploaded/i3/TB1.4QcGXXXXXbWXFXXXXXXXXXX_!!0-item_pic.jpg,3-Feb,b182,s294
436,http://img01.taobaocdn.com/bao/uploaded/i4/TB1ryglGpXXXXX2aXXXXXXXXXXX_!!0-item_pic.jpg,7-Jan,b183,s295
60,http://img01.taobaocdn.com/bao/uploaded/i3/TB1zTZLGXXXXXa6XFXXXXXXXXXX_!!0-item_pic.jpg,9-Jan,b184,s296
524,http://img01.taobaocdn.com/bao/uploaded/i1/TB1hhDiFVXXXXXZXXXXXXXXXXXX_!!0-item_pic.jpg,15-Feb,b185,s297
121,http://img01.taobaocdn.com/bao/uploaded/i3/TB1gxiVGXXXXXaaXVXXXXXXXXXX_!!0-item_pic.jpg,4-Feb,b186,s298
33,http://img01.taobaocdn.com/bao/uploaded/i1/TB1lcLxGpXXXXbqXFXXXXXXXXXX_!!0-item_pic.jpg,7-Feb,,s299
20,http://img01.taobaocdn.com/bao/uploaded/i4/TB1fOMWGXXXXXchXFXXXXXXXXXX_!!0-item_pic.jpg,3-Feb,b187,s300
320,http://img01.taobaocdn.com/bao/uploaded/i1/T1MIhHFKlaXXXXXXXX_!!0-item_pic.jpg,19-Feb,b188,s301
88,http://img01.taobaocdn.com/bao/uploaded/i3/TB1SIC3FVXXXXcHXpXXXXXXXXXX_!!0-item_pic.jpg,19-Feb,,s302
460,http://img01.taobaocdn.com/bao/uploaded/i2/TB1Bwh4FVXXXXXCXpXXXXXXXXXX_!!0-item_pic.jpg,7-Feb,,s303
429,http://img01.taobaocdn.com/bao/uploaded/i4/TB1WPAWFVXXXXcHXVXXXXXXXXXX_!!0-item_pic.jpg,5-Feb,b189,s304
408,http://img01.taobaocdn.com/bao/uploaded/i2/12867030718150943/T1HiC5FmlXXXXXXXXX_!!0-item_pic.jpg,7-Jan,b27,s44
36,http://img01.taobaocdn.com/bao/uploaded/i2/TB1vyhqGFXXXXc0XFXXXXXXXXXX_!!0-item_pic.jpg,9-Jan,b51,s305
479,http://img01.taobaocdn.com/bao/uploaded/i3/TB1MXo2GXXXXXcHXpXXXXXXXXXX_!!0-item_pic.jpg,3-Feb,b190,s306
286,http://img01.taobaocdn.com/bao/uploaded/i1/T1L6OKXqBXXXXXXXXX_!!0-item_pic.jpg,4-Jan,b191,s307
220,http://img01.taobaocdn.com/bao/uploaded/i2/TB1Bqk2GXXXXXaYXXXXXXXXXXXX_!!0-item_pic.jpg,3-Feb,b192,s308
395,http://img01.taobaocdn.com/bao/uploaded/i2/TB1CCsnFVXXXXc2XFXXXXXXXXXX_!!0-item_pic.jpg,3-Feb,b193,s309
251,http://img01.taobaocdn.com/bao/uploaded/i2/T11RyWFiVdXXXXXXXX_!!0-item_pic.jpg,4-Feb,,s310
368,http://img01.taobaocdn.com/bao/uploaded/i3/TB1gDmUGpXXXXX9XVXXXXXXXXXX_!!0-item_pic.jpg,3-Feb,b194,s311
95,http://img01.taobaocdn.com/bao/uploaded/i4/T1vIxoFRlXXXXXXXXX_!!0-item_pic.jpg,2-Feb,b151,s249
156,http://img01.taobaocdn.com/bao/uploaded/i1/11880029571060524/T1xr2kFkxdXXXXXXXX_!!0-item_pic.jpg,3-Feb,b195,s312
63,http://img01.taobaocdn.com/bao/uploaded/i3/TB1N7CaGXXXXXcUXXXXXXXXXXXX_!!0-item_pic.jpg,9-Jan,b67,s313
542,http://img01.taobaocdn.com/bao/uploaded/i1/TB1qPCPGXXXXXcOXFXXXXXXXXXX_!!0-item_pic.jpg,9-Feb,b118,s189
487,http://img01.taobaocdn.com/bao/uploaded/i4/TB1PLyjGXXXXXakaXXXXXXXXXXX_!!0-item_pic.jpg,4-Jan,b196,s314
497,http://img01.taobaocdn.com/bao/uploaded/i3/T12kcUFnNnXXXXXXXX_!!0-item_pic.jpg,7-Feb,b197,s315
372,http://img01.taobaocdn.com/bao/uploaded/i1/TB1SHCqGXXXXXX6XXXXXXXXXXXX_!!0-item_pic.jpg,7-Jan,b9,s316
364,http://img01.taobaocdn.com/bao/uploaded/i4/T1tROmFcteXXXXXXXX_!!0-item_pic.jpg,7-Feb,,s89
144,http://img01.taobaocdn.com/bao/uploaded/i1/T1FjGUFN0aXXXXXXXX_!!0-item_pic.jpg,4-Jan,b9,s317
101,http://img01.taobaocdn.com/bao/uploaded/i3/TB1UUHAGpXXXXbFXXXXXXXXXXXX_!!0-item_pic.jpg,3-Feb,b198,s318
205,http://img01.taobaocdn.com/bao/uploaded/i1/T1L.l.FPdXXXXXXXXX_!!0-item_pic.jpg,7-Feb,,s319
145,http://img01.taobaocdn.com/bao/uploaded/i2/TB1GXYDFVXXXXa4XVXXXXXXXXXX_!!0-item_pic.jpg,2-Feb,b199,s320
499,http://img01.taobaocdn.com/bao/uploaded/i4/TB14SgFFVXXXXb8XFXXXXXXXXXX_!!2-item_pic.png,10-Feb,,s321
486,http://img01.taobaocdn.com/bao/uploaded/i4/17897027348603174/T1wgSwFmhfXXXXXXXX_!!0-item_pic.jpg,4-Feb,b200,s322
556,http://img01.taobaocdn.com/bao/uploaded/i1/TB1013jGpXXXXXxXFXXXXXXXXXX_!!0-item_pic.jpg,7-Jan,b201,s323
397,http://img01.taobaocdn.com/bao/uploaded/i1/T1.Z_nFqJeXXXXXXXX_!!0-item_pic.jpg,13-Feb,b202,s324
339,http://img01.taobaocdn.com/bao/uploaded/i1/T1YTyLFrpdXXXXXXXX_!!0-item_pic.jpg,2-Feb,,s325
229,http://img01.taobaocdn.com/bao/uploaded/i2/TB1r_dqGXXXXXcWXpXXXXXXXXXX_!!0-item_pic.jpg,7-Feb,b203,s326
383,http://img01.taobaocdn.com/bao/uploaded/i2/TB1lM7VFVXXXXXJaXXXXXXXXXXX_!!0-item_pic.jpg,9-Feb,b156,s258
278,http://img01.taobaocdn.com/bao/uploaded/i1/T1K0ZDFHldXXXXXXXX_!!0-item_pic.jpg,7-Feb,,s327
77,http://img01.taobaocdn.com/bao/uploaded/i4/TB1W4k1FFXXXXXBaXXXXXXXXXXX_!!0-item_pic.jpg,3-Feb,b37,s61
173,http://img01.taobaocdn.com/bao/uploaded/i3/TB1dAJ_GXXXXXbvXpXXXXXXXXXX_!!0-item_pic.jpg,5-Feb,b204,s328
170,http://img01.taobaocdn.com/bao/uploaded/i1/TB1XgpVGpXXXXbuXpXXXXXXXXXX_!!0-item_pic.jpg,7-Feb,,s329
345,http://img01.taobaocdn.com/bao/uploaded/i2/TB1qoZ7FFXXXXaDaXXXXXXXXXXX_!!0-item_pic.jpg,3-Feb,b205,s330
336,http://img01.taobaocdn.com/bao/uploaded/i2/TB18qBLGXXXXXasaXXXXXXXXXXX_!!0-item_pic.jpg,3-Feb,b206,s331
360,http://img01.taobaocdn.com/bao/uploaded/i2/TB19J0lGFXXXXXlaXXXXXXXXXXX_!!0-item_pic.jpg,4-Feb,,s332
455,http://img01.taobaocdn.com/bao/uploaded/i1/T144djFKFXXXXXXXXX_!!0-item_pic.jpg,20-Feb,b207,s333
15,http://img01.taobaocdn.com/bao/uploaded/i3/TB1hu.RGXXXXXbvXpXXXXXXXXXX_!!0-item_pic.jpg,3-Feb,,s334
125,http://img01.taobaocdn.com/bao/uploaded/i3/TB1ygqQGXXXXXbbXFXXXXXXXXXX_!!0-item_pic.jpg,9-Jan,b183,s295
447,http://img01.taobaocdn.com/bao/uploaded/i3/TB1W8XjGpXXXXaLXFXXXXXXXXXX_!!0-item_pic.jpg,2-Jan,b9,s335
244,http://img01.taobaocdn.com/bao/uploaded/i4/TB1IX.dFVXXXXb5XVXXXXXXXXXX_!!0-item_pic.jpg,3-Feb,,s81
301,http://img01.taobaocdn.com/bao/uploaded/i1/TB1OEqJGXXXXXc2XFXXXXXXXXXX_!!0-item_pic.jpg,19-Feb,,s336
409,http://img01.taobaocdn.com/bao/uploaded/i4/TB1fXvPGpXXXXbGXXXXXXXXXXXX_!!0-item_pic.jpg,6-Jan,b208,s337
112,http://img01.taobaocdn.com/bao/uploaded/i4/TB1SNVOGXXXXXa_XVXXXXXXXXXX_!!0-item_pic.jpg,4-Feb,b5,s8
374,http://img01.taobaocdn.com/bao/uploaded/i4/T1JdpoFexhXXXXXXXX_!!0-item_pic.jpg,2-Feb,,s338
562,http://img01.taobaocdn.com/bao/uploaded/i2/TB1GmtRGXXXXXaNXXXXXXXXXXXX_!!0-item_pic.jpg,11-Feb,,s339
282,http://img01.taobaocdn.com/bao/uploaded/i4/TB1IEA4FVXXXXataXXXXXXXXXXX_!!0-item_pic.jpg,7-Feb,,s340
276,http://img01.taobaocdn.com/bao/uploaded/i3/14084029468670089/T1LKPhFfXaXXXXXXXX_!!0-item_pic.jpg,3-Feb,b209,s341
373,http://img01.taobaocdn.com/bao/uploaded/i3/TB1TlPuFVXXXXXnXXXXXXXXXXXX_!!0-item_pic.jpg,3-Feb,,s210
260,http://img01.taobaocdn.com/bao/uploaded/i4/TB1KZxkGFXXXXX3XXXXXXXXXXXX_!!0-item_pic.jpg,2-Feb,,s342
354,http://img01.taobaocdn.com/bao/uploaded/i2/TB1T0BfFVXXXXcKaXXXXXXXXXXX_!!0-item_pic.jpg,9-Feb,b210,s343
237,http://img01.taobaocdn.com/bao/uploaded/i3/TB1CjRVFVXXXXXlXXXXXXXXXXXX_!!0-item_pic.jpg,5-Feb,b211,s344
454,http://img01.taobaocdn.com/bao/uploaded/i3/T1P2X2FCpcXXXXXXXX_!!0-item_pic.jpg,8-Feb,,s345
482,http://img01.taobaocdn.com/bao/uploaded/i4/TB1uZHWFFXXXXaqapXXXXXXXXXX_!!0-item_pic.jpg,3-Feb,,s346
398,http://img01.taobaocdn.com/bao/uploaded/i1/TB1Ar8RGXXXXXaLXVXXXXXXXXXX_!!0-item_pic.jpg,7-Jan,b9,s347
142,http://img01.taobaocdn.com/bao/uploaded/i1/14856031025683406/T1AIaUXd4yXXXXXXXX_!!0-item_pic.jpg,4-Feb,b55,s348
509,http://img01.taobaocdn.com/bao/uploaded/i1/TB1wNB9GXXXXXaSXpXXXXXXXXXX_!!2-item_pic.png,3-Feb,,s349
540,http://img01.taobaocdn.com/bao/uploaded/i2/T1_VV3FzJgXXXXXXXX_!!0-item_pic.jpg,5-Feb,b212,s350
17,http://img01.taobaocdn.com/bao/uploaded/i1/TB1XFxkGpXXXXXVXXXXXXXXXXXX_!!0-item_pic.jpg,10-Feb,,s351
3,http://img01.taobaocdn.com/bao/uploaded/i3/TB13WVgGpXXXXbgXVXXXXXXXXXX_!!0-item_pic.jpg,1-Jan,b213,s352
270,http://img01.taobaocdn.com/bao/uploaded/i2/TB1MhzeFVXXXXaxXpXXXXXXXXXX_!!0-item_pic.jpg,4-Feb,b214,s353
439,http://img01.taobaocdn.com/bao/uploaded/i4/TB1105zGpXXXXarXpXXXXXXXXXX_!!0-item_pic.jpg,3-Feb,b169,s276
19,http://img01.taobaocdn.com/bao/uploaded/i1/T1p5FDXEFbXXXXXXXX_!!0-item_pic.jpg,2-Feb,,s74
531,http://img01.taobaocdn.com/bao/uploaded/i4/TB1OlWHGpXXXXbnXXXXXXXXXXXX_!!0-item_pic.jpg,9-Jan,b215,s354
404,http://img01.taobaocdn.com/bao/uploaded/i4/T1SHxsFaxhXXXXXXXX_!!0-item_pic.jpg,4-Jan,b75,s355
370,http://img01.taobaocdn.com/bao/uploaded/i3/TB1D8pBFpXXXXbihpXXXXXXXXXX_!!0-item_pic.jpg,3-Feb,,s205
113,http://img01.taobaocdn.com/bao/uploaded/i1/TB1hFzZFFXXXXbjbFXXXXXXXXXX_!!2-item_pic.png,2-Feb,,s356
472,http://img01.taobaocdn.com/bao/uploaded/i4/TB1UY10GXXXXXajXpXXXXXXXXXX_!!0-item_pic.jpg,13-Feb,,s357
535,http://img01.taobaocdn.com/bao/uploaded/i3/TB14MKMGXXXXXbqXVXXXXXXXXXX_!!0-item_pic.jpg,1-Jan,b216,s358
135,http://img01.taobaocdn.com/bao/uploaded/i1/TB1pCEtGXXXXXXXXFXXXXXXXXXX_!!0-item_pic.jpg,3-Feb,,s359
265,http://img01.taobaocdn.com/bao/uploaded/i3/TB1Ea0LFVXXXXaFXpXXXXXXXXXX_!!0-item_pic.jpg,5-Feb,,s360
90,http://img01.taobaocdn.com/bao/uploaded/i3/TB1PPLtFVXXXXXNXFXXXXXXXXXX_!!0-item_pic.jpg,9-Feb,b217,s361
514,http://img01.taobaocdn.com/bao/uploaded/i4/TB1_TTtFVXXXXa7XXXXXXXXXXXX_!!0-item_pic.jpg,10-Feb,b218,s362
42,http://img01.taobaocdn.com/bao/uploaded/i4/T1CkFlFDpiXXXXXXXX_!!0-item_pic.jpg,5-Feb,,s363
299,http://img01.taobaocdn.com/bao/uploaded/i3/TB11CFOGpXXXXXXXVXXXXXXXXXX_!!0-item_pic.jpg,8-Feb,,s103
183,http://img01.taobaocdn.com/bao/uploaded/i4/TB1gST8FVXXXXXEXpXXXXXXXXXX_!!0-item_pic.jpg,14-Feb,,s364
379,http://img01.taobaocdn.com/bao/uploaded/i2/19892030931241936/T11tnxFnNaXXXXXXXX_!!0-item_pic.jpg,8-Feb,b188,s301
440,http://img01.taobaocdn.com/bao/uploaded/i3/TB1i4l_GpXXXXc6XVXXXXXXXXXX_!!0-item_pic.jpg,3-Feb,b219,s365
59,http://img01.taobaocdn.com/bao/uploaded/i2/T13ZqwFFdbXXXXXXXX_!!0-item_pic.jpg,3-Feb,b220,s366
329,http://img01.taobaocdn.com/bao/uploaded/i2/10499029772358709/T1h6r7FeNaXXXXXXXX_!!0-item_pic.jpg,9-Jan,b221,s367
140,http://img01.taobaocdn.com/bao/uploaded/i4/TB11Fu3FVXXXXXraXXXXXXXXXXX_!!0-item_pic.jpg,7-Feb,,s368
415,http://img01.taobaocdn.com/bao/uploaded/i3/TB1ifQMGXXXXXaAXpXXXXXXXXXX_!!0-item_pic.jpg,3-Feb,b222,s369
488,http://img01.taobaocdn.com/bao/uploaded/i4/T1ZDh7FuJjXXXXXXXX_!!0-item_pic.jpg,4-Feb,b223,s370
391,http://img01.taobaocdn.com/bao/uploaded/i4/18981030674923219/T1puN9XudiXXXXXXXX_!!0-item_pic.jpg,2-Feb,b224,s371
10,http://img01.taobaocdn.com/bao/uploaded/i4/T1tROmFcteXXXXXXXX_!!0-item_pic.jpg,7-Feb,,s372
322,http://img01.taobaocdn.com/bao/uploaded/i2/T1iyqpFCVdXXXXXXXX_!!0-item_pic.jpg,9-Jan,b9,s373
48,http://img01.taobaocdn.com/bao/uploaded/i2/TB1lTN_GXXXXXaUXXXXXXXXXXXX_!!0-item_pic.jpg,7-Jan,b9,s374
235,http://img01.taobaocdn.com/bao/uploaded/i2/TB1wcWlGXXXXXXSXpXXXXXXXXXX_!!0-item_pic.jpg,3-Feb,,s210
330,http://img01.taobaocdn.com/bao/uploaded/i3/T1myAbFv4aXXXXXXXX_!!0-item_pic.jpg,2-Feb,,s375
201,http://img01.taobaocdn.com/bao/uploaded/i1/TB1ZMb6GXXXXXaXXpXXXXXXXXXX_!!0-item_pic.jpg,7-Jan,b201,s323
501,http://img01.taobaocdn.com/bao/uploaded/i4/TB1fUJPFVXXXXaraXXXXXXXXXXX_!!0-item_pic.jpg,7-Jan,b183,s295
382,http://img01.taobaocdn.com/bao/uploaded/i1/TB16PHjFVXXXXaoXVXXXXXXXXXX_!!0-item_pic.jpg,4-Feb,,s376
426,http://img01.taobaocdn.com/bao/uploaded/i3/TB15V0CGXXXXXasXXXXXXXXXXXX_!!0-item_pic.jpg,10-Feb,,s377
207,http://img01.taobaocdn.com/bao/uploaded/i3/TB1Uy0nGFXXXXaoXpXXXXXXXXXX_!!0-item_pic.jpg,2-Feb,,s378
358,http://img01.taobaocdn.com/bao/uploaded/i1/T1816EFXNdXXXXXXXX_!!0-item_pic.jpg,7-Feb,,s379
245,http://img01.taobaocdn.com/bao/uploaded/i3/T1B4R8FDpXXXXXXXXX_!!0-item_pic.jpg,19-Feb,,s81
239,http://img01.taobaocdn.com/bao/uploaded/i4/T1byKXFu4fXXXXXXXX_!!0-item_pic.jpg,5-Feb,b225,s380
192,http://img01.taobaocdn.com/bao/uploaded/i2/14674027366475137/T1VACyFktdXXXXXXXX_!!0-item_pic.jpg,5-Feb,b226,s381
232,http://img01.taobaocdn.com/bao/uploaded/i1/TB1IY8dGXXXXXcrXpXXXXXXXXXX_!!0-item_pic.jpg,2-Feb,,s382
448,http://img01.taobaocdn.com/bao/uploaded/i2/TB1Gn4_GpXXXXaeXpXXXXXXXXXX_!!0-item_pic.jpg,4-Feb,b227,s383
184,http://img01.taobaocdn.com/bao/uploaded/i4/T1CtN2FtVaXXXXXXXX_!!0-item_pic.jpg,10-Feb,,s384
43,http://img01.taobaocdn.com/bao/uploaded/i3/TB1JqXnGpXXXXbtXFXXXXXXXXXX_!!0-item_pic.jpg,14-Feb,,s385
262,http://img01.taobaocdn.com/bao/uploaded/i3/TB1l2jnGpXXXXbCXpXXXXXXXXXX_!!0-item_pic.jpg,3-Feb,b228,s386
219,http://img01.taobaocdn.com/bao/uploaded/i3/T1jTWrFwxbXXXXXXXX_!!0-item_pic.jpg,10-Feb,,s387
490,http://img01.taobaocdn.com/bao/uploaded/i2/TB14wEYGXXXXXX0XpXXXXXXXXXX_!!0-item_pic.jpg,3-Feb,,s388
94,http://img01.taobaocdn.com/bao/uploaded/i4/TB1u.RhGpXXXXX6XFXXXXXXXXXX_!!0-item_pic.jpg,14-Feb,b229,s389
279,http://img01.taobaocdn.com/bao/uploaded/i2/TB1H4rwFVXXXXXjaXXXXXXXXXXX_!!0-item_pic.jpg,7-Feb,b230,s390
356,http://img01.taobaocdn.com/bao/uploaded/i4/TB155ZDGXXXXXcOXXXXXXXXXXXX_!!0-item_pic.jpg,3-Feb,b192,s391
544,http://img01.taobaocdn.com/bao/uploaded/i1/TB1SyjxFVXXXXXEaXXXXXXXXXXX_!!0-item_pic.jpg,19-Feb,,s336
283,http://img01.taobaocdn.com/bao/uploaded/i3/TB13ZIpGpXXXXXRXpXXXXXXXXXX_!!0-item_pic.jpg,9-Jan,b67,s313
6,http://img01.taobaocdn.com/bao/uploaded/i2/TB1jhvVFVXXXXciXXXXXXXXXXXX_!!0-item_pic.jpg,4-Feb,,s392
249,http://img01.taobaocdn.com/bao/uploaded/i4/TB1qQx.GXXXXXcjXXXXXXXXXXXX_!!0-item_pic.jpg,2-Feb,,s29
361,http://img01.taobaocdn.com/bao/uploaded/i2/TB1SgggFVXXXXabXVXXXXXXXXXX_!!0-item_pic.jpg,7-Feb,b231,s393
61,http://img01.taobaocdn.com/bao/uploaded/i1/T1YZwGFJ0aXXXXXXXX_!!0-item_pic.jpg,2-Jan,b9,s394
264,http://img01.taobaocdn.com/bao/uploaded/i1/TB1dmO4FVXXXXcVXFXXXXXXXXXX_!!0-item_pic.jpg,19-Feb,b232,s395
147,http://img01.taobaocdn.com/bao/uploaded/i2/10928030955296852/T1.lOYXxtkXXXXXXXX_!!0-item_pic.jpg,3-Feb,b233,s396
467,http://img01.taobaocdn.com/bao/uploaded/i4/TB1qt4VGFXXXXczXXXXXXXXXXXX_!!0-item_pic.jpg,21-Jan,b234,s397
305,http://img01.taobaocdn.com/bao/uploaded/i2/T17ZlEFq8dXXXXXXXX_!!0-item_pic.jpg,3-Feb,,s398
521,http://img01.taobaocdn.com/bao/uploaded/i2/TB1Ts0NFVXXXXXyaXXXXXXXXXXX_!!0-item_pic.jpg,14-Feb,,s399
537,http://img01.taobaocdn.com/bao/uploaded/i3/TB12UWEGpXXXXaSXVXXXXXXXXXX_!!0-item_pic.jpg,7-Feb,b235,s400
474,http://img01.taobaocdn.com/bao/uploaded/i1/TB10RLfFVXXXXXEXpXXXXXXXXXX_!!0-item_pic.jpg,5-Feb,,s401
462,http://img01.taobaocdn.com/bao/uploaded/i2/TB1xzPjGpXXXXXXXpXXXXXXXXXX_!!0-item_pic.jpg,4-Jan,b236,s402
446,http://img01.taobaocdn.com/bao/uploaded/i3/TB1UfIYFVXXXXafXFXXXXXXXXXX_!!0-item_pic.jpg,3-Feb,b237,s403
45,http://img01.taobaocdn.com/bao/uploaded/i3/TB1MxuqFVXXXXXWXVXXXXXXXXXX_!!0-item_pic.jpg,3-Feb,b62,s105
29,http://img01.taobaocdn.com/bao/uploaded/i1/TB1ZCAIFVXXXXcPXpXXXXXXXXXX_!!0-item_pic.jpg,11-Feb,,s153
412,http://img01.taobaocdn.com/bao/uploaded/i3/TB1Z2chFVXXXXb5XXXXXXXXXXXX_!!0-item_pic.jpg,4-Jan,b35,s59
247,http://img01.taobaocdn.com/bao/uploaded/i3/TB1ixKAFFXXXXbrbpXXXXXXXXXX_!!0-item_pic.jpg,12-Feb,b238,s404
233,http://img01.taobaocdn.com/bao/uploaded/i3/T1zRsAFIBaXXXXXXXX_!!0-item_pic.jpg,7-Feb,,s405
222,http://img01.taobaocdn.com/bao/uploaded/i4/T184ylFwlfXXXXXXXX_!!0-item_pic.jpg,3-Feb,b239,s359
491,http://img01.taobaocdn.com/bao/uploaded/i4/TB1Zc6tGpXXXXcNXXXXXXXXXXXX_!!0-item_pic.jpg,3-Feb,,s346
504,http://img01.taobaocdn.com/bao/uploaded/i1/TB1I9yeGXXXXXXCXFXXXXXXXXXX_!!0-item_pic.jpg,4-Feb,b240,s406
431,http://img01.taobaocdn.com/bao/uploaded/i4/TB15MFCGXXXXXcgXVXXXXXXXXXX_!!0-item_pic.jpg,3-Feb,b241,s407
105,http://img01.taobaocdn.com/bao/uploaded/i2/T1Kk6mFpNeXXXXXXXX_!!0-item_pic.jpg,9-Jan,b242,s408
186,http://img01.taobaocdn.com/bao/uploaded/i3/TB1Yi4hGXXXXXXFXFXXXXXXXXXX_!!0-item_pic.jpg,3-Feb,b243,s409
35,http://img01.taobaocdn.com/bao/uploaded/i3/TB14mz8GXXXXXaBXFXXXXXXXXXX_!!0-item_pic.jpg,10-Feb,,s410
166,http://img01.taobaocdn.com/bao/uploaded/i4/TB1LFBrGFXXXXaRXFXXXXXXXXXX_!!0-item_pic.jpg,7-Jan,b244,s411
512,http://img01.taobaocdn.com/bao/uploaded/i1/T1kvhgFH8bXXXXXXXX_!!0-item_pic.jpg,9-Feb,b245,s412
492,http://img01.taobaocdn.com/bao/uploaded/i2/TB1jT3TGpXXXXczXXXXXXXXXXXX_!!0-item_pic.jpg,2-Jan,b246,s413
489,http://img01.taobaocdn.com/bao/uploaded/i2/TB1jlZCGXXXXXcCXXXXXXXXXXXX_!!0-item_pic.jpg,9-Jan,b67,s414
538,http://img01.taobaocdn.com/bao/uploaded/i1/T1p41fFuteXXXXXXXX_!!0-item_pic.jpg,8-Feb,,s415
369,http://img01.taobaocdn.com/bao/uploaded/i3/TB1EfheGpXXXXXBXXXXXXXXXXXX_!!0-item_pic.jpg,5-Feb,,s416
309,http://img01.taobaocdn.com/bao/uploaded/i3/TB1749QFVXXXXb8aXXXXXXXXXXX_!!0-item_pic.jpg,7-Feb,b247,s417
195,http://img01.taobaocdn.com/bao/uploaded/i2/TB195NHFVXXXXcNXVXXXXXXXXXX_!!0-item_pic.jpg,3-Feb,,s418
134,http://img01.taobaocdn.com/bao/uploaded/i2/T1eO4ZFxBjXXXXXXXX_!!0-item_pic.jpg,12-Feb,b248,s419
458,http://img01.taobaocdn.com/bao/uploaded/i2/TB1FkxYFVXXXXaFXXXXXXXXXXXX_!!0-item_pic.jpg,9-Jan,b249,s420
198,http://img01.taobaocdn.com/bao/uploaded/i1/T1p8ZIFf8fXXXXXXXX_!!0-item_pic.jpg,9-Jan,b242,s421
344,http://img01.taobaocdn.com/bao/uploaded/i3/TB1VtxJGXXXXXckXFXXXXXXXXXX_!!0-item_pic.jpg,2-Feb,,s422
39,http://img01.taobaocdn.com/bao/uploaded/i3/T17qlAFldcXXXXXXXX_!!0-item_pic.jpg,12-Feb,,s423
139,http://img01.taobaocdn.com/bao/uploaded/i3/T196IeFEBXXXXXXXXX_!!0-item_pic.jpg,10-Feb,b250,s424
357,http://img01.taobaocdn.com/bao/uploaded/i4/TB1iYp8FVXXXXXmXFXXXXXXXXXX_!!0-item_pic.jpg,7-Feb,,s338
399,http://img01.taobaocdn.com/bao/uploaded/i1/TB1iusiFVXXXXalXXXXXXXXXXXX_!!0-item_pic.jpg,10-Feb,,s425
124,http://img01.taobaocdn.com/bao/uploaded/i2/TB1e00XGXXXXXX9XXXXXXXXXXXX_!!0-item_pic.jpg,1-Jan,b251,s426
365,http://img01.taobaocdn.com/bao/uploaded/i3/TB1bwqSFVXXXXXxXFXXXXXXXXXX_!!0-item_pic.jpg,2-Jan,b252,s427
34,http://img01.taobaocdn.com/bao/uploaded/i2/TB11W46FVXXXXcaXpXXXXXXXXXX_!!0-item_pic.jpg,4-Feb,,s428
559,http://img01.taobaocdn.com/bao/uploaded/i2/TB1sF8MGFXXXXXBXpXXXXXXXXXX_!!0-item_pic.jpg,10-Feb,b231,s429
12,http://img01.taobaocdn.com/bao/uploaded/i2/TB10ECJFVXXXXclXpXXXXXXXXXX_!!0-item_pic.jpg,4-Jan,b253,s430
466,http://img01.taobaocdn.com/bao/uploaded/i2/TB1EHvdFVXXXXaJXFXXXXXXXXXX_!!0-item_pic.jpg,3-Feb,,s334
347,http://img01.taobaocdn.com/bao/uploaded/i1/TB1TZVmGFXXXXbBXVXXXXXXXXXX_!!0-item_pic.jpg,9-Jan,b254,s431
470,http://img01.taobaocdn.com/bao/uploaded/i4/TB1UcycGpXXXXXmXVXXXXXXXXXX_!!0-item_pic.jpg,3-Feb,b255,s432
128,http://img01.taobaocdn.com/bao/uploaded/i2/T1_DNsFQxcXXXXXXXX_!!0-item_pic.jpg,7-Jan,b9,s433
23,http://img01.taobaocdn.com/bao/uploaded/i2/T1ID3RFpVXXXXXXXXX_!!0-item_pic.jpg,9-Feb,b9,s434
250,http://img01.taobaocdn.com/bao/uploaded/i3/TB1dHTLFVXXXXc_XXXXXXXXXXXX_!!0-item_pic.jpg,4-Feb,b164,s268
422,http://img01.taobaocdn.com/bao/uploaded/i3/T1q9dmFJtdXXXXXXXX_!!2-item_pic.png,7-Feb,,s435
51,http://img01.taobaocdn.com/bao/uploaded/i3/TB1.F1mFVXXXXajXVXXXXXXXXXX_!!0-item_pic.jpg,8-Feb,b256,s436
304,http://img01.taobaocdn.com/bao/uploaded/i2/TB1BWI7FFXXXXcjapXXXXXXXXXX_!!0-item_pic.jpg,10-Feb,,s437
108,http://img01.taobaocdn.com/bao/uploaded/i1/TB1HksSGXXXXXaGXpXXXXXXXXXX_!!0-item_pic.jpg,5-Feb,b257,s438
451,http://img01.taobaocdn.com/bao/uploaded/i3/TB1g.cqFVXXXXbCXVXXXXXXXXXX_!!0-item_pic.jpg,12-Feb,,s439
267,http://img01.taobaocdn.com/bao/uploaded/i1/T1WV_ZFTpXXXXXXXXX_!!0-item_pic.jpg,3-Feb,,s440
69,http://img01.taobaocdn.com/bao/uploaded/i1/TB1XQdbGpXXXXXRXpXXXXXXXXXX_!!0-item_pic.jpg,9-Jan,b148,s441
193,http://img01.taobaocdn.com/bao/uploaded/i2/TB1DgD9FVXXXXbcXFXXXXXXXXXX_!!0-item_pic.jpg,8-Feb,b195,s312
7,http://img01.taobaocdn.com/bao/uploaded/i3/T1EfexFr8XXXXXXXXX_!!0-item_pic.jpg,5-Feb,,s442
119,http://img01.taobaocdn.com/bao/uploaded/i4/T1gLyhFvlfXXXXXXXX_!!0-item_pic.jpg,2-Jan,b258,s443
263,http://img01.taobaocdn.com/bao/uploaded/i1/TB18_7rFVXXXXafaXXXXXXXXXXX_!!0-item_pic.jpg,2-Feb,b259,s444
214,http://img01.taobaocdn.com/bao/uploaded/i2/TB1Msj1GpXXXXcgXXXXXXXXXXXX_!!0-item_pic.jpg,3-Feb,b260,s445
41,http://img01.taobaocdn.com/bao/uploaded/i1/TB1U4ARFFXXXXbTaXXXXXXXXXXX_!!0-item_pic.jpg,9-Jan,b156,s446
384,http://img01.taobaocdn.com/bao/uploaded/i3/TB1rANWGXXXXXXaXpXXXXXXXXXX_!!0-item_pic.jpg,7-Feb,,s447
168,http://img01.taobaocdn.com/bao/uploaded/i2/TB1VgyJGpXXXXchXXXXXXXXXXXX_!!0-item_pic.jpg,2-Jan,b261,s448
82,http://img01.taobaocdn.com/bao/uploaded/i4/TB1MZd6FVXXXXcSXFXXXXXXXXXX_!!0-item_pic.jpg,4-Jan,b262,s449
238,http://img01.taobaocdn.com/bao/uploaded/i3/TB1BjLXFVXXXXcwXpXXXXXXXXXX_!!0-item_pic.jpg,3-Feb,,s90
539,http://img01.taobaocdn.com/bao/uploaded/i2/TB1QpcjGXXXXXbrXpXXXXXXXXXX_!!0-item_pic.jpg,2-Feb,b131,s219
188,http://img01.taobaocdn.com/bao/uploaded/i4/TB1B0BRGXXXXXaIaXXXXXXXXXXX_!!0-item_pic.jpg,7-Jan,,s134
434,http://img01.taobaocdn.com/bao/uploaded/i4/T1p8mDFD4dXXXXXXXX_!!0-item_pic.jpg,5-Feb,,s450
400,http://img01.taobaocdn.com/bao/uploaded/i4/TB1l2j6FVXXXXbnXFXXXXXXXXXX_!!0-item_pic.jpg,14-Feb,,s270
321,http://img01.taobaocdn.com/bao/uploaded/i4/TB1XFleGFXXXXayXXXXXXXXXXXX_!!0-item_pic.jpg,3-Feb,b263,s451
418,http://img01.taobaocdn.com/bao/uploaded/i2/TB1RxGlFVXXXXb5XXXXXXXXXXXX_!!0-item_pic.jpg,7-Feb,,s452
518,http://img01.taobaocdn.com/bao/uploaded/i2/TB1u7GfFVXXXXbGaXXXXXXXXXXX_!!0-item_pic.jpg,17-Feb,,s453
493,http://img01.taobaocdn.com/bao/uploaded/i4/T1Ywt9FshiXXXXXXXX_!!0-item_pic.jpg,19-Feb,,s454
483,http://img01.taobaocdn.com/bao/uploaded/i2/TB1ad8WGFXXXXX0XXXXXXXXXXXX_!!0-item_pic.jpg,2-Jan,b264,s455
513,http://img01.taobaocdn.com/bao/uploaded/i1/TB1Y4nVFVXXXXbEXXXXXXXXXXXX_!!0-item_pic.jpg,3-Feb,b62,s105
2,http://img01.taobaocdn.com/bao/uploaded/i3/TB14OANGXXXXXb0XpXXXXXXXXXX_!!0-item_pic.jpg,2-Jan,b265,s456
516,http://img01.taobaocdn.com/bao/uploaded/i2/T1IpORFrNdXXXXXXXX_!!0-item_pic.jpg,7-Jan,b9,s457
129,http://img01.taobaocdn.com/bao/uploaded/i1/T1jwjQFaXbXXXXXXXX_!!0-item_pic.jpg,7-Feb,b266,s458
387,http://img01.taobaocdn.com/bao/uploaded/i3/TB1uqphFVXXXXazaXXXXXXXXXXX_!!0-item_pic.jpg,15-Feb,,s459
388,http://img01.taobaocdn.com/bao/uploaded/i1/TB1o4m6GpXXXXadXXXXXXXXXXXX_!!0-item_pic.jpg,4-Feb,b267,s460
213,http://img01.taobaocdn.com/bao/uploaded/i4/T1M0QHFshXXXXXXXXX_!!0-item_pic.jpg,15-Feb,b268,s461
527,http://img01.taobaocdn.com/bao/uploaded/i1/TB1Gr3ZGXXXXXbJXpXXXXXXXXXX_!!0-item_pic.jpg,7-Feb,b269,s462
495,http://img01.taobaocdn.com/bao/uploaded/i4/TB1klseFVXXXXXAXFXXXXXXXXXX_!!0-item_pic.jpg,19-Feb,b270,s463
131,http://img01.taobaocdn.com/bao/uploaded/i2/TB1ZkikGXXXXXaAaXXXXXXXXXXX_!!0-item_pic.jpg,3-Feb,b37,s61
331,http://img01.taobaocdn.com/bao/uploaded/i1/TB1Yq9uGXXXXXcNXFXXXXXXXXXX_!!0-item_pic.jpg,9-Feb,b271,s464
226,http://img01.taobaocdn.com/bao/uploaded/i4/T1PwCVFBFXXXXXXXXX_!!0-item_pic.jpg,7-Feb,,s89
53,http://img01.taobaocdn.com/bao/uploaded/i4/TB1iP_gGpXXXXaHXpXXXXXXXXXX_!!0-item_pic.jpg,8-Feb,b99,s161
411,http://img01.taobaocdn.com/bao/uploaded/i1/TB1m8w.FVXXXXa9XXXXXXXXXXXX_!!0-item_pic.jpg,24-Feb,,s465
272,http://img01.taobaocdn.com/bao/uploaded/i2/TB1KU0RFVXXXXaCXFXXXXXXXXXX_!!0-item_pic.jpg,2-Feb,,s466
485,http://img01.taobaocdn.com/bao/uploaded/i2/T15oAjFfxgXXXXXXXX_!!0-item_pic.jpg,9-Jan,b242,s467
496,http://img01.taobaocdn.com/bao/uploaded/i3/T1aVTkFy0bXXXXXXXX_!!0-item_pic.jpg,7-Feb,b60,s101
317,http://img01.taobaocdn.com/bao/uploaded/i2/TB1dmZcFVXXXXb6XpXXXXXXXXXX_!!0-item_pic.jpg,4-Feb,b55,s468
67,http://img01.taobaocdn.com/bao/uploaded/i2/T1xom2FpVXXXXXXXXX_!!0-item_pic.jpg,10-Feb,b272,s469
109,http://img01.taobaocdn.com/bao/uploaded/i2/TB108dlGpXXXXa1XpXXXXXXXXXX_!!0-item_pic.jpg,7-Jan,b111,s180
84,http://img01.taobaocdn.com/bao/uploaded/i3/TB1V9bZFVXXXXbUXpXXXXXXXXXX_!!0-item_pic.jpg,15-Feb,b273,s470
323,http://img01.taobaocdn.com/bao/uploaded/i1/TB1ATjEGpXXXXbWXpXXXXXXXXXX_!!0-item_pic.jpg,11-Feb,b274,s471
155,http://img01.taobaocdn.com/bao/uploaded/i3/TB1fiSQGXXXXXaqXVXXXXXXXXXX_!!0-item_pic.jpg,5-Feb,,s234
252,http://img01.taobaocdn.com/bao/uploaded/i3/TB14MVDGXXXXXaMaXXXXXXXXXXX_!!0-item_pic.jpg,4-Jan,b275,s472
393,http://img01.taobaocdn.com/bao/uploaded/i4/T14g0RFwRjXXXXXXXX_!!0-item_pic.jpg,4-Jan,b75,s473
442,http://img01.taobaocdn.com/bao/uploaded/i2/T1bLkOFGJaXXXXXXXX_!!0-item_pic.jpg,4-Jan,b276,s474
189,http://img01.taobaocdn.com/bao/uploaded/i4/TB1C4.YGXXXXXbwXFXXXXXXXXXX_!!0-item_pic.jpg,7-Jan,b277,s475
511,http://img01.taobaocdn.com/bao/uploaded/i2/TB1ZFMYFVXXXXXyXpXXXXXXXXXX_!!0-item_pic.jpg,4-Jan,b152,s476
174,http://img01.taobaocdn.com/bao/uploaded/i2/TB1MsRLGXXXXXb4XpXXXXXXXXXX_!!0-item_pic.jpg,2-Feb,,s58
273,http://img01.taobaocdn.com/bao/uploaded/i4/TB1JUEKGXXXXXbZXpXXXXXXXXXX_!!0-item_pic.jpg,21-Jan,b278,s477
380,http://img01.taobaocdn.com/bao/uploaded/i1/TB1UrW5GXXXXXcPXpXXXXXXXXXX_!!0-item_pic.jpg,3-Feb,,s81
240,http://img01.taobaocdn.com/bao/uploaded/i4/TB1nhMSFVXXXXbVXFXXXXXXXXXX_!!0-item_pic.jpg,2-Jan,b279,s478
469,http://img01.taobaocdn.com/bao/uploaded/i2/TB1bHVLFVXXXXcEXVXXXXXXXXXX_!!0-item_pic.jpg,7-Feb,,s479
27,http://img01.taobaocdn.com/bao/uploaded/i2/TB1l4ykGXXXXXalXpXXXXXXXXXX_!!0-item_pic.jpg,5-Feb,,s197
484,http://img01.taobaocdn.com/bao/uploaded/i3/TB1K483GXXXXXbXXXXXXXXXXXXX_!!0-item_pic.jpg,2-Feb,b280,s480
167,http://img01.taobaocdn.com/bao/uploaded/i1/TB1u54hGXXXXXagaXXXXXXXXXXX_!!0-item_pic.jpg,14-Feb,,s481
75,http://img01.taobaocdn.com/bao/uploaded/i1/TB1zpB_FVXXXXXsXpXXXXXXXXXX_!!0-item_pic.jpg,2-Jan,b105,s169
377,http://img01.taobaocdn.com/bao/uploaded/i2/TB1bj_7FVXXXXbgaXXXXXXXXXXX_!!0-item_pic.jpg,13-Feb,,s482
452,http://img01.taobaocdn.com/bao/uploaded/i2/11408039400228157/T1mHCBFhFXXXXXXXXX_!!0-item_pic.jpg,2-Feb,,s483
146,http://img01.taobaocdn.com/bao/uploaded/i2/T1ngl2FppfXXXXXXXX_!!0-item_pic.jpg,7-Feb,,s484
478,http://img01.taobaocdn.com/bao/uploaded/i4/TB1KlZfGXXXXXcsXXXXXXXXXXXX_!!0-item_pic.jpg,2-Jan,b281,s485
13,http://img01.taobaocdn.com/bao/uploaded/i3/TB1kb21FVXXXXb_XFXXXXXXXXXX_!!0-item_pic.jpg,5-Feb,b282,s486
117,http://img01.taobaocdn.com/bao/uploaded/i3/TB1AgGPGXXXXXccXVXXXXXXXXXX_!!0-item_pic.jpg,10-Feb,,s387
410,http://img01.taobaocdn.com/bao/uploaded/i3/TB1_fBPGFXXXXcTXXXXXXXXXXXX_!!0-item_pic.jpg,5-Feb,b283,s487
58,http://img01.taobaocdn.com/bao/uploaded/i4/TB1eOQ1GpXXXXa3XVXXXXXXXXXX_!!0-item_pic.jpg,2-Feb,b284,s488
158,http://img01.taobaocdn.com/bao/uploaded/i4/T1dR9uFqleXXXXXXXX_!!0-item_pic.jpg,2-Jan,b285,s489
291,http://img01.taobaocdn.com/bao/uploaded/i3/TB1TNogFVXXXXbaXpXXXXXXXXXX_!!0-item_pic.jpg,2-Jan,b183,s295
176,http://img01.taobaocdn.com/bao/uploaded/i4/T13ZtZFQ4bXXXXXXXX_!!0-item_pic.jpg,7-Feb,b286,s490
453,http://img01.taobaocdn.com/bao/uploaded/i3/T1udHTFideXXXXXXXX_!!0-item_pic.jpg,10-Feb,b287,s491
548,http://img01.taobaocdn.com/bao/uploaded/i2/TB1x6p4GXXXXXahXXXXXXXXXXXX_!!1-item_pic.gif,7-Feb,,s492
551,http://img01.taobaocdn.com/bao/uploaded/i2/TB1G9MSFVXXXXc3XpXXXXXXXXXX_!!0-item_pic.jpg,24-Feb,,s493
403,http://img01.taobaocdn.com/bao/uploaded/i1/T1baWrFs8bXXXXXXXX_!!0-item_pic.jpg,2-Feb,,s356
